Generations,Unnamed: 0.1,Intertwine_two,Add_vertex,Delete_vertex,Invert_path_vertices,Insert_inside_vertex,Delete_inside_vertex,Replace_inside_vertex,Donate_between_routes,Trim_one_terminal_cb,Grow_one_terminal_cb
0,0.0,0.1,0.1,0.1,0.1,0.1,0.1,0.1,0.1,0.1,0.1
1,1.0,0.1032158886853457,0.0995057744517123,0.0992780899698168,0.1001571261491853,0.100647492175698,0.09848319992386,0.0974750047331178,0.0954743866172486,0.1029097031887846,0.1028533341052307
2,2.0,0.1051379491102528,0.0996870566354081,0.0983941827301892,0.1000719415102099,0.1003073183301442,0.0979283289922979,0.094425505931203,0.0916763977503063,0.1059107102675217,0.1064606087424667
3,3.0,0.1080660668620282,0.1006325986906444,0.0976968181518848,0.0991879193642157,0.100023440749039,0.0962795743857328,0.0915124252245059,0.0867442276654906,0.1091483406873717,0.1107085882190865
4,4.0,0.1109821563261642,0.100563817031973,0.0976059490106803,0.0987253184108942,0.0993005245094096,0.0957795301046772,0.0884259460436637,0.0810469102619997,0.1132129118519329,0.1143569364486047
5,5.0,0.113057317791,0.1012955381891572,0.0972956464449844,0.0985429791362459,0.0992653198195722,0.094649078142004,0.0847529393836803,0.0770142701692589,0.116610230651186,0.1175166802729107
6,6.0,0.1156639528178415,0.1019041615410656,0.0968932579112277,0.0974873233792476,0.0985715168910369,0.09345417414329,0.082358941871768,0.0723650018868836,0.1207730023589129,0.1205286671987256
7,7.0,0.1174005136587094,0.1018220307699293,0.0969265440554214,0.0958220741168064,0.0977380339226169,0.0931040911173178,0.0795000295426164,0.0691874548540432,0.1250850003317733,0.1234142276307654
8,8.0,0.1204590286184231,0.1021811697326056,0.0967203110625391,0.0946721105629988,0.0973729906405912,0.0921767667418653,0.0752299984705475,0.0656903578667576,0.129483412413759,0.1260138538899124
9,9.0,0.1228245426056252,0.1028904517252829,0.0963846289894459,0.0920318391565815,0.0965447967697933,0.0922389072556671,0.0713778114593589,0.0627157487200015,0.133606908498978,0.129384364819265
10,10.0,0.1252377708339807,0.1018804682472485,0.0963332033559712,0.0905548917594357,0.0957593835587204,0.0924718979157014,0.0682828536872906,0.0603626173874202,0.137778965987666,0.1313379472665648
11,11.0,0.1268877889616178,0.101835029768565,0.0971244212806181,0.0894268420035711,0.0941584763050605,0.0921226159733107,0.0643481827327505,0.0589510172909622,0.1421457562465926,0.132999869436951
12,12.0,0.1288589691481093,0.1023057042001514,0.0963119738978929,0.0875117993953028,0.0922254456389532,0.091163546085639,0.0620146984642183,0.0570001341533745,0.1467073605367184,0.1359003684796397
13,13.0,0.1303681627890903,0.1035370688783938,0.0982030876653883,0.0852697338375717,0.0916826491009496,0.0884096665449868,0.0590429329569633,0.0548094623554941,0.1504244866101514,0.1382527492610101
14,14.0,0.1318769312373681,0.1040663299589288,0.0985624046283644,0.0821670624776176,0.0903464768947769,0.0874821306592889,0.0565462041187928,0.0537051819730398,0.1538736339852851,0.1413736440665371
15,15.0,0.1336719374535088,0.1049289930820738,0.0993367208356329,0.0802144408281265,0.0877223229362866,0.0878745511627355,0.0528938741400521,0.0526208313946518,0.1582054139905099,0.1425309141764215
16,16.0,0.1346173056129345,0.1044070530665041,0.0992339569645121,0.0783771692467559,0.0853406597284847,0.0876117266269674,0.0504533475592729,0.0512257934367837,0.1629702456520564,0.1457627421057279
17,17.0,0.1365219870186838,0.1055632675209053,0.1003395515064469,0.0760633301071288,0.0841692750664731,0.0859994129024846,0.0478582970015786,0.0500366225931901,0.1666553573501471,0.1467928989329611
18,18.0,0.138902680204657,0.1065400641708582,0.1003785150512111,0.073612574369884,0.0832546397640358,0.0847225413020524,0.044373181309179,0.0481520646520871,0.1716172643481937,0.1484464748278411
19,19.0,0.1412653420850814,0.1070252742452692,0.1011287652525088,0.0698076290023854,0.0809027229991274,0.0842519076475063,0.0418554843408431,0.0474294647974327,0.1776652395767651,0.1486681700530801
20,20.0,0.1437950915222461,0.1075664133875657,0.1019510165918912,0.0675061989349891,0.0786088968414853,0.0820830147358351,0.0408316540122335,0.0477604134693593,0.1821379324121723,0.147759368092222
21,21.0,0.1435540399624742,0.1091482778087446,0.1045912874235301,0.0645668262056492,0.0762005412576706,0.0803778212338681,0.0387084300208903,0.0466738420549114,0.1878032783837213,0.1483756556485397
22,22.0,0.1440009906199233,0.1098277031163514,0.1053486224827517,0.0628934936593789,0.0741235582395405,0.0783336551228551,0.0373482543357562,0.045661262170971,0.193353053827696,0.1491094064247755
23,23.0,0.1443811055737023,0.1092208047466637,0.1065542441334038,0.061819951053459,0.0715328698862168,0.0761689323695819,0.0367257591414426,0.0456023910275049,0.199784334620703,0.1482096074473214
24,24.0,0.1447932881610586,0.1098046472001792,0.1079420239212182,0.0597091310587995,0.0693691964159118,0.0738898184078178,0.0348386342642113,0.0455177445292684,0.2070305303427195,0.1471049856988152
25,25.0,0.1441912940655777,0.1109281409147756,0.1087633106730048,0.0587749605413375,0.0666128826379928,0.0737367085782679,0.0341394422246514,0.0470849733054527,0.2107196171323132,0.145048669926626
26,26.0,0.1463681473276452,0.1104412550125196,0.1098568741567099,0.0571270138123141,0.0653781661350211,0.0716903990956808,0.0330608148673913,0.045782859328987,0.2148068187205409,0.1454876515431897
27,27.0,0.1469841441179844,0.1085944635280897,0.1111791657179588,0.0554092737862515,0.0628091980422073,0.071370125082718,0.0311409237183287,0.0488806193436621,0.2177940972903849,0.1458379893724143
28,28.0,0.1463443450957946,0.1070708489092255,0.1133135352176255,0.0529815966123144,0.060107244541302,0.0689170690169089,0.0303818038150754,0.0519368874429007,0.2231000383455628,0.1458466310032897
29,29.0,0.1469822217118547,0.1051075629546739,0.1169590138736444,0.0501220395093915,0.0578651891545193,0.0696627617249721,0.0299325369969788,0.0516431702801486,0.2278612903972033,0.1438642133966129
30,30.0,0.1477132308454125,0.1040551491247842,0.1177795948521117,0.0482403872262036,0.0567134467920204,0.071169095315236,0.0290234808931794,0.051842368459597,0.2312653413426201,0.1421979051488347
31,31.0,0.1454956077550864,0.1017787664441849,0.1202999588559213,0.0471116334619068,0.0553135456994046,0.0711123865454574,0.0279208550491177,0.0503022049262219,0.2388357242651138,0.1418293169975849
32,32.0,0.1469609981418813,0.0996199526608745,0.1208838619676873,0.0451309409432811,0.0532915496154017,0.071467991371177,0.0276184598537912,0.0504395603914651,0.2427551931712864,0.1418314918831542
33,33.0,0.1498090258546491,0.0997198588609542,0.1182433069104203,0.0436522380512914,0.051460157857149,0.0702106447320458,0.0266648474864623,0.0492912625455049,0.2505160540322486,0.1404326036692741
34,34.0,0.1521837562941604,0.1008607054143943,0.1180326005525658,0.0430147344110392,0.0481533384732126,0.0696871992216299,0.0257729719498497,0.0472047940918665,0.2574252939663211,0.1376646056249602
35,35.0,0.1544534438215081,0.1012575756992462,0.1187561212394336,0.0418744765528074,0.0450340716847448,0.0677245712152939,0.0250125542473999,0.0459168776464119,0.2649165057260647,0.1350538021670891
36,36.0,0.1557466114956713,0.102185143501775,0.1182327879920454,0.0408004910391638,0.0428084247448202,0.06706905028287,0.0249011869751563,0.044184809361517,0.2724501311518306,0.13162136345515
37,37.0,0.157088916057755,0.0998292168346813,0.1185213272688058,0.0395210854692679,0.0425276014000495,0.0647044083445854,0.0255739907352494,0.0421153666355423,0.2795176346635168,0.1306004525905464
38,38.0,0.1579592519559765,0.0983130002725501,0.1165122882723381,0.0398851974016745,0.0398367611416325,0.0652099046245731,0.0251501939506307,0.0401317145158096,0.2888086372326207,0.1281930506321939
39,39.0,0.1590405963752261,0.0990615540257068,0.1147717955607267,0.0403853056889428,0.0390956489049545,0.0633120243884732,0.0248172749049675,0.0389075358665307,0.2942456198985574,0.126362644385914
40,40.0,0.1611486363925083,0.0966456003715053,0.1153935500030907,0.0399860344154463,0.038778498542979,0.0604537957899411,0.0249101070715618,0.0381634026465773,0.2992502093663931,0.1252701653999969
41,41.0,0.1598282473332099,0.0948311217869847,0.1211520487950874,0.0388254457792793,0.0377004375129617,0.0583156870503294,0.0247379860997143,0.0364734515144495,0.3046149779532268,0.1235205961747568
42,42.0,0.1606439678848562,0.0956271441370615,0.1201781744808098,0.0371112063102552,0.0381542810904103,0.0560566950324371,0.0246356973640544,0.0364254866908139,0.3066866601116952,0.1244806868976062
43,43.0,0.1593350532894993,0.0939759007259924,0.1183060828789036,0.0373322577983464,0.037300615125617,0.055627103246242,0.02459728052832,0.035060600136759,0.3114389266440148,0.1270261796263052
44,44.0,0.1582572317797597,0.0908248074831457,0.1176319782124524,0.0374137457498925,0.0355661313020755,0.0559286937670977,0.0246167325708758,0.0346954550128447,0.3177227978918645,0.1273424262299912
45,45.0,0.158770337300911,0.0894870619438571,0.1199475812914189,0.0365491113761416,0.0337372898363648,0.0539046438034321,0.0246880720834673,0.0338589441510421,0.3186474637942975,0.1304094944190675
46,46.0,0.1580257166375937,0.0875442610935117,0.119345179947356,0.0360360191888248,0.0320539596188615,0.0526487521446213,0.0257685554735897,0.0331376168789092,0.3237276029618671,0.1317123360548648
47,47.0,0.1581908106464244,0.0863801293221904,0.1209293426354464,0.0346480387815248,0.0305184228269199,0.051192704289312,0.0269103132881724,0.0326198637988104,0.3271578408395538,0.1314525335716453
48,48.0,0.1555182600766129,0.0884157489276487,0.1213776493789131,0.0333523760271395,0.0298317175664499,0.0521014088414865,0.0270743262768315,0.0317214315603683,0.3301115989118063,0.130495482432743
49,49.0,0.1516918860340037,0.0905516001861097,0.1189651266356843,0.0321527557879213,0.0308716575665154,0.053188320099032,0.0272511947038563,0.0314658807541473,0.3304610962972686,0.1334004819354612
50,50.0,0.1509872799318783,0.0918231739670017,0.116788086718035,0.0310515700147457,0.0307416431813749,0.0523569375132799,0.0289514882652071,0.0305983754261197,0.3311072840810861,0.1355941609012713
51,51.0,0.1491882819961869,0.088611353839084,0.1216378204145253,0.0300499871187403,0.0301867247088146,0.0495162765079066,0.0295404390190734,0.0309113217223192,0.3340849908182184,0.1362728038551311
52,52.0,0.1455178549796816,0.0878492119008295,0.1212590679344442,0.0312669954186074,0.0300193898689089,0.0493869347882158,0.0297056736406957,0.0307800479948016,0.3377758428032161,0.1364389806705989
53,53.0,0.1444430666951822,0.0870213996277778,0.1190316632787147,0.0309089634223319,0.0324576732178488,0.0480426413632353,0.0298573280637487,0.0309218786987101,0.3406909267643543,0.1366244588680959
54,54.0,0.1411693250361201,0.0888770889364375,0.1177451747057433,0.0305453267872968,0.0348337498691118,0.048647092862641,0.029995243763859,0.0303247253712437,0.3388212823677353,0.1390409902998111
55,55.0,0.141735863764371,0.0891973320684734,0.1145955952211988,0.0298639272415673,0.0345055483927992,0.0497716652589576,0.0308740576004073,0.0297840401228115,0.3401793831285062,0.1394925872009074
56,56.0,0.1399242296956983,0.0857267848010737,0.11943681464643,0.0292520283779951,0.0353955084711319,0.0484628696485767,0.0309770715476178,0.0292995829979944,0.3437603579201793,0.1377647518933024
57,57.0,0.1379003046057902,0.0884387245142269,0.1170664665910667,0.0298888903151832,0.0369138222246756,0.0483125335742136,0.0310600133846311,0.0294011473389155,0.342987072338932,0.1380310251123649
58,58.0,0.1375108373177253,0.0901167618563869,0.1152088998980941,0.0296241708475889,0.0392519260942603,0.0472751959699306,0.0311240609040968,0.0290210293474425,0.3439815807250858,0.1368855370393885
59,59.0,0.1354990446077114,0.0893142136668646,0.1197391523398395,0.030298252573988,0.0408336828656794,0.0493579367127961,0.0311704630625749,0.0286887128616424,0.3401709700190067,0.1349275712898967
60,60.0,0.1336678515112698,0.0875693316779288,0.1189553311009969,0.0301340490391918,0.0402538955318185,0.0499183965038644,0.0312005203745795,0.029775504170125,0.33999880301466,0.1385263170755649
61,61.0,0.1319249814223737,0.0863411330150372,0.1171346076626402,0.0297774657632321,0.0407349605347352,0.0495525348050236,0.0312155667516378,0.0303509610434162,0.3436390498562778,0.1393287391456259
62,62.0,0.1306985147454017,0.0896718523856473,0.1164722138432821,0.0311786330532118,0.0402381906874064,0.0480320390660851,0.0323264176666247,0.0304326162867943,0.3429535087233121,0.137996013542234
63,63.0,0.1284477312130196,0.0909739190097466,0.1177118781954793,0.0308800170772832,0.0425190461374231,0.0499403557212188,0.032304400954611,0.0302184763276628,0.342358819219499,0.1346453561440562
64,64.0,0.1300387378187585,0.0906701181947389,0.1165589197395704,0.0326604852554953,0.0424900714525836,0.0496631990749457,0.0322615419042525,0.0310009204411512,0.342766908435434,0.1318890976830695
65,65.0,0.1325199919131295,0.0874969711394574,0.1170176170417957,0.0333639903448231,0.0420986187978399,0.0492596645309963,0.0322003533398873,0.0308154915828942,0.3424464156862571,0.132780885622919
66,66.0,0.1315148309566103,0.0910212161575648,0.1156241633992061,0.033355284437911,0.0426978501767072,0.049653386774408,0.0321232800985598,0.030640450694634,0.3397065781528905,0.133662959151508
67,67.0,0.1322401054199622,0.0926206043768854,0.1168252020168141,0.0342043568405189,0.043510634828691,0.0484132554804088,0.0320326813803794,0.0304765093882534,0.3348978299689829,0.1347788202991033
68,68.0,0.1301990597465361,0.0926878947152741,0.1196159215877736,0.0349746958198794,0.0429323158139634,0.0476903895711342,0.0319308157202133,0.0303241971186284,0.3313126475196311,0.138332062386966
69,69.0,0.1323213783902457,0.0914509898468387,0.1188710816370944,0.0351935434028438,0.0425854992631362,0.0461217458327933,0.0318198284688616,0.0301838741047796,0.3313092954607375,0.1401427635926689
70,70.0,0.1343507914745987,0.0906414072732376,0.1171770718435616,0.0379722924248864,0.0432724937003575,0.0459970899173376,0.0317017416579565,0.0300557446512678,0.3258778951677477,0.1429534718890482
71,71.0,0.1332205908690879,0.0891837562427893,0.1147396256522892,0.0375861123748531,0.0450348757154867,0.0460976111001245,0.0315784461115624,0.0299398706965946,0.3275792788841717,0.1450398323530403
72,72.0,0.1353005034467424,0.0891408709388849,0.1147442319617135,0.0371626892060745,0.043904469850641,0.0468932875536262,0.031451695658692,0.0315454074073261,0.3270522033291313,0.1428046406471678
73,73.0,0.1363004986640322,0.0878042070351298,0.1136936530247587,0.0380682024766149,0.0451245778455473,0.0467979314940731,0.0313231032945218,0.0322914421291007,0.3227332462617685,0.1458631377744527
74,74.0,0.1402845836744348,0.0900450011271983,0.1098848677341046,0.0375800834822835,0.044123605467287,0.0463954227076024,0.0311941391338233,0.03324047130005,0.320038890531365,0.1472129348418508
75,75.0,0.1399077052932036,0.0927247669633586,0.1107677566174307,0.0391343186725333,0.0437009856566438,0.0452177624176714,0.0310661299978565,0.0330993392488489,0.3175875085751329,0.14679372655732
76,76.0,0.1401606438246085,0.0948328191537149,0.1085739154369454,0.038728929357913,0.0424713313971863,0.043392566704568,0.0309402604755078,0.0329413270102795,0.3218861499173416,0.1460720567219346
77,77.0,0.1391472089777151,0.09386876947048,0.1090298582025024,0.038612465689878,0.0434808139644495,0.0425101549055236,0.0308175753006389,0.0327697027254642,0.3246067546996546,0.1451566960636936
78,78.0,0.1382722928679189,0.0945787963109597,0.1115470589374375,0.0379982790067438,0.0423986530345559,0.0407861117285135,0.0306989828902505,0.0325875438418758,0.3258448876083599,0.1452873937733844
79,79.0,0.1408820227314808,0.0940822981286945,0.1096130926932999,0.0386063491961976,0.0411559034390686,0.0391266117519192,0.0305852598919984,0.0323977254082275,0.3285973068932157,0.1449534298658976
80,80.0,0.1411642337572814,0.0947246614533223,0.1093544685608671,0.0379508099798363,0.0399258697687394,0.0409811213967813,0.0304770565946515,0.0322029115638618,0.3292503823876962,0.1439684845369627
81,81.0,0.1404784259301336,0.0949763715027753,0.1092319585870343,0.0385531869419248,0.0387195807677557,0.0405455977324,0.0318431079280167,0.032005549988294,0.3309396571090929,0.1427065635125727
82,82.0,0.1406791365028535,0.0936771141886164,0.108978052052134,0.0378651110174343,0.0375467248591928,0.0407599278600221,0.0319605185240434,0.0330173694489012,0.3337675025859937,0.1417485429608085
83,83.0,0.1411786802245337,0.0937917380432711,0.110182305885036,0.0386670365105685,0.0374140826597466,0.0421252498720255,0.0318415810052683,0.0328092829283076,0.3340770129725153,0.1379130298987273
84,84.0,0.1421398457612529,0.0937845744016754,0.1095814665116521,0.0388007713746736,0.0364370035575581,0.041159699417367,0.031716121428318,0.0325939122304903,0.3373835508937686,0.136403054423244
85,85.0,0.1479706601090332,0.097021849765598,0.1070630750336851,0.0389102950092088,0.0367999329967217,0.0410125226893174,0.0315860465947796,0.0323741394801498,0.3320628316268768,0.1351986466946295
86,86.0,0.1490028918288631,0.0951602461095243,0.1051869621050484,0.0418217036590539,0.0357894201793609,0.0408815970615914,0.0314531187786472,0.0321526026100419,0.333321489771282,0.1352299678965868
87,87.0,0.1483063814153935,0.0918692472714883,0.1044037785664764,0.0422252328732543,0.0348220644419426,0.0397336240710759,0.0313189525563415,0.0335829349358331,0.3403343281078468,0.1334034557603475
88,88.0,0.148943309900945,0.0879751381059675,0.1055469610424712,0.0413912753207145,0.034359437008073,0.0400420275122951,0.0311850134307031,0.033348287298197,0.3462898436865468,0.1309187066940867
89,89.0,0.1466652205319276,0.0890297742194353,0.1065148894699969,0.0405268007702215,0.033488885910706,0.0391453145135147,0.0310526180833214,0.0331036215513425,0.3464026336545276,0.1340702412950065
90,90.0,0.1447097228699378,0.0870320353431601,0.1063260843786376,0.0419236284277033,0.0326705010639685,0.0416261414823253,0.0309229360898447,0.03285238616366,0.3486504180172545,0.1332861461635081
91,91.0,0.1428720021820914,0.0839144313836872,0.1076743941164402,0.0426339366312761,0.0319072496912652,0.0407172249767414,0.0307969929348172,0.0325977504531092,0.3497541521990013,0.1371318654315707
92,92.0,0.1407881645591057,0.0924341330245363,0.1070953058031529,0.0416848155755658,0.0312012509589195,0.0404153405871758,0.0306756741659443,0.0323426008090824,0.3491293394000502,0.134233375116467
93,93.0,0.141653201356594,0.0925476015832863,0.1038731380731966,0.0417722573659182,0.0314667295399586,0.0401860141638924,0.0305597305322992,0.0320895401213674,0.3489436962437638,0.1369080910197233
94,94.0,0.1476892577543113,0.0941613050953709,0.1006694444851471,0.0418591136374239,0.0317018534504785,0.0402923308124964,0.0304497839566957,0.0318408901012103,0.3446760833354961,0.1366599373713697
95,95.0,0.1499601827239367,0.0935302800016113,0.0985627145641022,0.0408480159289815,0.0344844486472629,0.0401569053283288,0.0303463341990855,0.0315986961820567,0.3425473009410967,0.1379651214835373
96,96.0,0.1505548518608017,0.092644701567893,0.0962326180461419,0.0416253014202445,0.0339404440826798,0.0418863378339979,0.0302497660752455,0.0326578220353614,0.3404499990877039,0.1397581579899302
97,97.0,0.1537242176926164,0.0908705488863082,0.0984200692813897,0.0414009541456688,0.0334114355337281,0.0422728708717792,0.0301603571030371,0.0324206784748549,0.3365997295849418,0.1407191384256758
98,98.0,0.154413972638221,0.0891057441493713,0.1012636291297029,0.041665262883984,0.0329012134843344,0.0443034998483306,0.0300782854570191,0.0321830424856505,0.3353279834078849,0.138757366515501
99,99.0,0.1557553576045978,0.088963765123158,0.1007026809280768,0.0406093734836979,0.0324130015050367,0.0442218476953246,0.030757633807901,0.0327799935626925,0.3349633547450175,0.1388329915444972
100,100.0,0.155022314349098,0.0882992091211574,0.1004245950521697,0.0416135465527357,0.0319494807086184,0.0446893489721531,0.0313907943780369,0.0325400610934392,0.3342150249693839,0.1398556248032076
101,101.0,0.1540846942512702,0.0873945572260079,0.1024308914234229,0.0408647892764628,0.0330326155571595,0.0449839317774744,0.0313096033878365,0.0322987212601768,0.3357764284322262,0.1378237674079627
102,102.0,0.1552416885756298,0.0842207458526155,0.103379423273093,0.039795940166697,0.0330315909281793,0.0479109072914267,0.0312234354627777,0.0326194479493858,0.3375800715758354,0.1349967489243596
103,103.0,0.1538737830508656,0.0831122408595589,0.1007670871840075,0.0387360165662408,0.0338106948103793,0.0489220429022713,0.0311336499755971,0.0324512721249633,0.3397128402158359,0.1374803723102803
104,104.0,0.1508447711533203,0.0855795620330785,0.1064935292284626,0.0383562334934638,0.0337223939826316,0.0484416898550374,0.0310415065373785,0.0322086279915135,0.3374229070419972,0.1358887786831165
105,105.0,0.1524863393473493,0.0875101531817775,0.1081113504135702,0.0373355088930635,0.0333177151975756,0.0476957278523871,0.030948162377608,0.0319681619914935,0.3347482751099936,0.1358786056351814
106,106.0,0.1539268979256382,0.088489273637656,0.1080020559825018,0.0363435016637725,0.03504054362236,0.0491283398665722,0.0318688491187819,0.0317320609715606,0.3342835849459023,0.1311848922652544
107,107.0,0.1524987322788905,0.0924790203949175,0.1116028116166395,0.0367630663162319,0.0348335480376352,0.0495690605525848,0.0317660183967815,0.0315022494439053,0.3324581292556439,0.1265273637067697
108,108.0,0.1532108485551245,0.0941848077320603,0.1114426978577009,0.0362573485073536,0.0362821144604147,0.0502879661870638,0.032205099855492,0.0312803965745766,0.3306607407685986,0.1241879795016148
109,109.0,0.1519356789014988,0.0965137128660613,0.1165071704465775,0.0364916687864491,0.0358452670854652,0.0505043859708335,0.0320838618065458,0.0310679250264349,0.3265233314667757,0.1225269976433581
110,110.0,0.150419503699167,0.0988693693001854,0.11681410354288,0.0357375927987759,0.0353936517771559,0.0504303303432654,0.0339765393367898,0.0308660213828431,0.3273562570622892,0.120136630756648
111,111.0,0.144837029923087,0.0993056810985057,0.1132611428423574,0.0348944145121152,0.0359428253686697,0.0528514696639676,0.0350142798574034,0.030675647889782,0.3340678195872492,0.1191496892568625
112,112.0,0.1417399845790191,0.0990517290985835,0.1147932255515444,0.0340866099089994,0.0378516582284711,0.0519418755977973,0.0348230863864834,0.0304975552671292,0.3338492445974692,0.1213650307845031
113,113.0,0.1392511940111782,0.1020553842966756,0.1148544302958347,0.0353168487969516,0.0398679337465156,0.0523424560428469,0.0346027813987906,0.0303322963540704,0.3331029386212548,0.1182737364358813
114,114.0,0.1381395111821266,0.1003278018992276,0.1145600964445976,0.0345725790912773,0.0393148280742708,0.0508127262383068,0.0356624587741179,0.0319600911150454,0.3371268247273696,0.11752308245366
115,115.0,0.136774919883817,0.0998751550605795,0.1151769281529801,0.0338570105652576,0.0389313371269696,0.0497340452552593,0.0353859621137564,0.0319016034686265,0.339542639863337,0.1188203985094167
116,116.0,0.1365026831261918,0.0991696368985145,0.1142545458299895,0.0331744287861874,0.0387393662030337,0.0498056869212708,0.0350832554982935,0.031741781265817,0.3408908059185782,0.1206378095521233
117,117.0,0.1408450885958356,0.0949713450959056,0.1158099523658605,0.0336063573947797,0.0385308624415497,0.0479266210934695,0.034759986989394,0.0315805234706303,0.3412258926434588,0.1207433699091161
118,118.0,0.1388167043213529,0.0950831111398146,0.1187949651053432,0.0334241906412885,0.0378637579623572,0.0477211261930691,0.0344214454614904,0.0314195862202559,0.3349458352923422,0.1275092776626857
119,119.0,0.1363220796435704,0.0960230684086392,0.1189722904581978,0.0338728550186555,0.0371847263514604,0.0463900559611239,0.0340725436317623,0.0312605468327164,0.3367991043306367,0.129102729363237
120,120.0,0.1395653736973116,0.0945198773165599,0.1187810829097914,0.0337142177435242,0.0385379407158924,0.0460279551038263,0.0337178065486894,0.0311048059156037,0.3322490225023871,0.1317819175464135
121,121.0,0.140623835539516,0.0974995207229742,0.1177035943851298,0.0331643084393293,0.038603937184451,0.046195416062874,0.0339458657451479,0.0309535910310463,0.3309445566907341,0.1303653741987972
122,122.0,0.1408987546353259,0.0976425396470706,0.1184976690677648,0.0326377469811606,0.038676418528245,0.0455816127483218,0.0335856097914691,0.0308079617246341,0.3284819922600743,0.1331896946159334
123,123.0,0.1432366941175742,0.1022535454210277,0.1161259537645946,0.033451175664051,0.0379451722934922,0.0445167013990055,0.0332255233352436,0.0306688157316168,0.3266764842277238,0.1318999340456704
124,124.0,0.1440083402792883,0.1028010806183032,0.1149750552026027,0.0329664094034634,0.0384547283571894,0.0446927075223896,0.0328691902912882,0.030536896180585,0.328847588803403,0.129848003341487
125,125.0,0.1439194028893949,0.099615477482143,0.1145149004638906,0.0325004556749,0.0377063650728264,0.0448725267748821,0.0325197986488154,0.0329691721718702,0.3302406195811014,0.1311412812401759
126,126.0,0.1472597024795116,0.0991500426063377,0.1161575292312191,0.0320560927624438,0.037650004244636,0.0439258944844685,0.0321801481841017,0.0328277935481905,0.3300303595641249,0.1287624328949658
127,127.0,0.1487847817805116,0.0975338528390393,0.1160274839862924,0.0316356052136089,0.0368979726562001,0.0448990948692846,0.0318526612840184,0.0326722748513969,0.333059777126526,0.1266364953931215
128,128.0,0.1495518346971631,0.0969325075856799,0.1177281568329778,0.0312408103675213,0.0361521645000458,0.0434680345825994,0.0315393964611033,0.0325055852757687,0.3370244781404813,0.1238570315566592
129,129.0,0.1551582780388175,0.0955712291833268,0.1196224086271979,0.0308730869023673,0.0375169832789007,0.0430624006534658,0.0312420641558686,0.0323305088049456,0.3345036640647134,0.1201193762903963
130,130.0,0.1594469204622378,0.0904340179453692,0.1178848239349505,0.030533404914705,0.0367823393591263,0.041843384802035,0.0309620444395987,0.0333781650445813,0.3371368490353183,0.1215980500620777
131,131.0,0.1622012293754634,0.0902564775147512,0.1195712906640546,0.0302223570766619,0.036053336437738,0.0454877091479149,0.0307004062505598,0.0333342006563786,0.3333968571159453,0.118776135760532
132,132.0,0.1646621459237651,0.0873312329237146,0.1237799462942231,0.0308682596615347,0.0360912144324363,0.0445419456579511,0.0304579278179192,0.0331239472958635,0.3282579011768615,0.1208854788157307
133,133.0,0.1656569449103094,0.0854094785453053,0.1265472022193312,0.0311007028457517,0.0353853298938479,0.0445679170781617,0.0302351179503635,0.0329034797984413,0.3221102714623864,0.1260835552961015
134,134.0,0.1690904719647058,0.0821923424287359,0.1293607483228737,0.0320015896454839,0.0346961805101798,0.0433104710693931,0.0300322378900597,0.0326760242527769,0.3192143582311575,0.1274255756846337
135,135.0,0.165783022356671,0.079914300425654,0.1264829393476706,0.033688347621984,0.0347309173680921,0.045110879921009,0.0324773234568857,0.0324445540191511,0.3204121609195362,0.1289555545633462
136,136.0,0.1683508896085682,0.0802585279053253,0.1254112562853319,0.0342620431248627,0.0348588328454263,0.0445553580573471,0.0322879272324602,0.0322117852686964,0.3168766763289848,0.1309267033429969
137,137.0,0.1742847858644702,0.0814034882512704,0.1243075292025438,0.0347171545970756,0.0342272372978327,0.0434883692248766,0.0320945913581527,0.0319801755406002,0.3101057488260147,0.133390919837163
138,138.0,0.1755677191072928,0.0842884236385389,0.1281075649615283,0.0351311352330499,0.0336165289320201,0.0422776434288795,0.0318996431576944,0.0317519250299077,0.3055059352863159,0.1318534812247723
139,139.0,0.1748048746510413,0.0817307154915137,0.1307784653528145,0.0350995244671179,0.0354538030365455,0.043916414762367,0.0322920193186457,0.0315289803199853,0.3063005376446712,0.1280946649552977
140,140.0,0.1736108818188287,0.079499864943205,0.1331875089403954,0.0361251077112212,0.0348720424694837,0.0427802438191175,0.0320940942946688,0.0313130402778553,0.3102618730190567,0.1262553427061676
141,141.0,0.1734286742683737,0.0767521382685259,0.1335903833236841,0.0364637583445861,0.0352181904701276,0.0424547211902956,0.0318950208301428,0.0311055638371597,0.3184460922299221,0.1206454572371821
142,142.0,0.1769274311411822,0.078488896798398,0.1324291967785089,0.0360735041459243,0.0346509341238809,0.041037240611121,0.0316969045037681,0.0309077794021621,0.3170990666695982,0.1206890458254561
143,143.0,0.1871185800310094,0.0783205855563563,0.1265500951482429,0.0356615403256694,0.0349328202824234,0.0408523719410892,0.0315016307649931,0.0307206956166427,0.3200668326629742,0.1142748476705992
144,144.0,0.1941067078400467,0.0755354413514242,0.1242594303125546,0.0359021204560159,0.0362065716666658,0.0410159738358494,0.0313108680924457,0.0314218258623049,0.3170612954495255,0.113179765133167
145,145.0,0.1974893822954945,0.0735003248839531,0.1239095865311693,0.0354584546941183,0.0356489081246401,0.0422272005317492,0.0311260730062286,0.0312495834768614,0.3185457480657395,0.1108447383900459
146,146.0,0.203527712404781,0.0728635845319174,0.1215984994424776,0.0357947326912531,0.0350905218555705,0.0411214741729568,0.0309484966985709,0.0310820694951935,0.3141316943335341,0.1138412143737448
147,147.0,0.2053311041799776,0.0737387481532902,0.1168236704600114,0.0367488063135598,0.0345370689948522,0.0417302766623793,0.0307791930546933,0.0309204862167405,0.3178447794265671,0.1115458665379284
148,148.0,0.2104906862797228,0.0752535578866394,0.113798040618876,0.0362615198327572,0.0339935907302572,0.0406917135000892,0.0306190278446565,0.0307658564039654,0.3150778153741846,0.1130481915288514
149,149.0,0.2128466108221518,0.0747267794133001,0.1127798033819398,0.0364165176877832,0.0334645243848191,0.039975290630054,0.0304686888771768,0.0306190310084281,0.3154213195696158,0.1132814342247309
150,150.0,0.2147950926121098,0.0721415663443107,0.1083972565221362,0.0359012967829604,0.0329537194300766,0.0406645309500862,0.0303286969176733,0.0304806978423603,0.3216636281074748,0.1126735144908113
151,151.0,0.2120453348661501,0.0713195584045776,0.1058672504253061,0.0353785850007903,0.0324644577765077,0.0397524689673222,0.0301994171849434,0.0303513910144757,0.3248468027294112,0.1177747336305155
152,152.0,0.2120573593098418,0.0701775584139536,0.1045261239297166,0.0348543585468293,0.0353740705444067,0.0411113123076708,0.0300810712536371,0.0302315009592348,0.3241715867031388,0.1174150580315703
153,153.0,0.2105887613171602,0.0711824067372855,0.1052130313490987,0.0355168654639953,0.0384018477795832,0.0399235541853445,0.0299737492029251,0.0301212848999256,0.3241873110677508,0.1148911879969308
154,154.0,0.2101447290038701,0.0696197564360754,0.1073224933443196,0.0349933841547255,0.0413928288134462,0.0401316084328183,0.029877421865255,0.0300208775975481,0.3234949413650941,0.1130019589868475
155,155.0,0.2113357705059333,0.0691878778277427,0.1094188088775583,0.0344723171348354,0.0408207834557884,0.0400771733801367,0.0297919530426993,0.0299303022494329,0.3271726892803526,0.1077923242455202
156,156.0,0.2082253452803632,0.0685376084321234,0.1053994645487714,0.033958633645586,0.0401977347993386,0.0416273983077708,0.0297171115719722,0.0298494814136348,0.3343791787471916,0.1081080432532478
157,157.0,0.2018768527855971,0.0729035963232129,0.0999844267756791,0.0334567321688056,0.0395350136605403,0.0413483199372257,0.0296525831325982,0.0297782478472802,0.3407485055358445,0.1107157218332162
158,158.0,0.1940564452899282,0.0742984877204313,0.0988229838780334,0.0329704535180152,0.0388432144990165,0.0403543462063381,0.0295979817058355,0.0297163551590883,0.3470153512806229,0.1143243807426905
159,159.0,0.192254138456989,0.0770795586963009,0.0962768347764552,0.0325030981971237,0.0381321631086548,0.0397091575875451,0.0305396563060042,0.0296634881881246,0.347284347965381,0.1165575567174212
160,160.0,0.1944363657355438,0.0775487347204624,0.0958815740662852,0.0320574474263502,0.0381936842024429,0.040232819404181,0.0304936507519139,0.0296192730323761,0.3486854622231274,0.1128509884373171
161,161.0,0.1921823789237291,0.0806662707325338,0.0903637451110505,0.0316357872583904,0.0374626062662477,0.0423130301295628,0.0304473092457135,0.0295832866618787,0.3564937774323691,0.1088518082385244
162,162.0,0.1868405637568853,0.0825851461811323,0.0877429700733222,0.0312399352346428,0.0367300100610095,0.0411956692625132,0.030401128797676,0.0295550660618122,0.3675249972716031,0.1061845132994032
163,163.0,0.1826432232848054,0.080992124007236,0.0838017996147231,0.0342034608417454,0.036003373375685,0.0410104659172144,0.0303555551064655,0.0295341168611343,0.373341790329931,0.1081140906610598
