,R_x,f_1,f_2,Generation,Rank
0,9-1-3-24-20-7-25-22-19-12-8*8-12-19-17-28-16-27-2-29-10-15-6-13-0-26*8-19-12-0-13-6-5-21-10-2-15-29*26-8-19-22-18-0-28-7-4-24-3-1-23*14-9-1-3-11-17-22-0-18-13-6-21-5*5-21-6-16-7-4-24-14-20-23*5-21-10-16-28-25-0-18-22-17-11-3-23*1-9-3-23-14-7-27-10-15-5-21-2-29*15-16-2-29-27-7-25-22-18-0-26*12-22-0-13-6-16-7-14-23-1-3-9*9-23-14-11-17-12-8-26*1-9-23-14-7-2-29-27-16-28-17-22-18-0-19*,15.06526186579378,515.0,389,0.0
1,9-1-3-24-20-7-25-22-19-12-8*8-12-19-17-28-16-27-2-29-10-15-6-13-0-26*8-19-12-0-13-6-5-21-10-2-15-29*26-8-19-22-18-0-28-7-4-24-3-1-23*14-9-1-3-11-17-22-0-18-13-6-21-5*5-21-6-16-7-4-24-14-20-23*5-21-10-16-28-25-0-18-22-17-11-3-23*9-3-23-14-7-27-10-15-5-21-2-29*15-16-2-29-27-7-25-22-18-0-26*12-22-0-13-6-16-7-14-23-1-3-9*9-23-14-11-17-12-8-26*1-9-23-14-7-2-29-27-16-28-17-22-18-0-19*,15.067833761982698,513.0,390,0.0
2,9-1-3-24-20-7-25-22-19-12-8*8-12-19-17-28-16-27-2-29-10-15-6-13-0-26*8-19-12-0-13-6-5-21-10-2-15-29*8-19-22-18-0-28-7-4-24-3-1-23*14-9-1-3-11-17-22-0-18-13-6-21-5*5-21-6-16-7-4-24-14-20-23*5-21-10-16-28-25-0-18-22-17-11-3-23*1-9-3-23-14-7-27-10-15-5-21-2-29*15-16-2-29-27-7-25-22-18-0-26*12-22-0-13-6-16-7-14-23-1-3-9*9-23-14-11-17-12-8-26*1-9-23-14-7-2-29-27-16-28-17-22-18-0-19*,15.077419920505028,510.0,392,0.0
3,9-1-3-24-20-7-25-22-19-12-8*8-12-19-17-28-16-27-2-29-10-15-6-13-0-26*8-19-12-0-13-6-5-21-10-2-15-29*26-8-19-22-18-0-28-7-4-24-3-1-23*14-9-1-3-11-17-22-0-18-13-6-21-5*5-21-6-16-7-4-24-14-20-23*5-21-10-16-28-25-0-18-22-17-11-3-23*9-3-23-14-7-27-10-15-5-21-2-29*16-2-29-27-7-25-22-18-0-26*12-22-0-13-6-16-7-14-23-1-3-9*9-23-14-11-17-12-8-26*1-9-23-14-7-2-29-27-16-28-17-22-18-0-19*,15.087181435585691,507.0,396,0.0
2,9-1-3-11-17-22-0-18-13-6-5-21-10-7-4*1-3-9-23-14-7-28-0-18-19-8*1-3-9-23-14-20-7-16-6-5-15-2*26-8-12-19-17-11-14-24-4*15-10-6-13-0-12-19-22-17-28-16-27-29-2-7*4-1-3-24-20-7-27-29-2-15-6-13-18-0-26*21-15-10-27-7-20-14-23-9-3-11-25-22-17*21-6-16-28-25-7-20-14-11-17-12-19*10-29-2-21-6-13-0-22-17-11-14-23-3*1-23-4-24-20-7-16-6-5*4-24-20-7-25-0-18-12-8*23-24-4-20*,15.097176759410802,489.0,397,0.0
3,9-1-3-11-17-22-0-18-13-6-5-21-10-7-4*1-3-9-23-14-7-27-10-15-21*1-3-9-23-14-20-7-16-6-5-15-2*26-8-12-19-17-11-14-24-4*15-10-6-13-0-12-19-22-17-28-16-27-29-2-7*4-1-3-24-20-7-27-29-2-15-6-13-18-0-26*17-22-25-11-3-9-23-14-20-7-28-0-18-19-8*21-6-16-28-25-7-20-14-11-17-12-19*10-29-2-21-6-13-0-22-17-11-14-23-3*4-24-20-7-16-6-5-21*4-24-20-7-25-0-18-12-8*23-24-4*,15.10392798690671,479.0,387,0.0
4,9-1-3-11-17-22-0-18-13-6-5-21-10-7-4*1-3-9-23-14-7-28-0-18-19-8*1-3-9-23-14-20-7-16-6-5-15-2*26-8-12-19-17-11-14-24-4*15-10-6-13-0-12-19-22-17-28-16-27-29-2-7*4-1-3-24-20-7-27-29-2-15-6-13-18-0-26*21-15-10-27-7-20-14-23-9-3-11-25-22-17*21-6-16-28-25-7-20-14-11-17-12-19*10-29-2-21-6-13-0-22-17-11-14-23*4-24-20-7-16-6-5-21*4-24-20-7-25-0-18-12-8*23-24-4*,15.116992050502688,476.0,370,0.0
5,9-1-3-11-17-22-0-18-13-6-5-21-10-7-4*1-3-9-23-14-7-28-0-18-19-8*1-3-9-23-14-20-7-16-6-5-15*26-8-12-19-17-11-14-24-4*15-10-6-13-0-12-19-22-17-28-16-27-29-2-7*4-1-3-24-20-7-27-29-2-15-6-13-18-0-26*21-15-10-27-7-20-14-23-9-3-11-25-22-17*21-6-16-28-25-7-20-14-11-17-12-19*10-29-2-21-6-13-0-22-17-11-14-23-3*4-24-20-7-16-6-5-21*4-24-20-7-25-0-18-12-8*23-24-4*,15.119505494505496,474.0,383,0.0
6,9-1-3-11-17-22-0-18-13-6-5-21-10-7-4*1-3-9-23-14-7-28-0-18-19*1-3-9-23-14-20-7-16-6-5-15-2*26-8-12-19-17-11-14-24-4*15-10-6-13-0-12-19-22-17-28-16-27-29-2-7*4-1-3-24-20-7-27-29-2-15-6-13-18-0-26*5-21-15-10-27-7-20-14-23-9-3-11-25-22-17*21-6-16-28-25-7-20-14-11-17-12*10-29-2-21-6-13-0-22-17-11-14-23*4-24-20-7-16-6-5*4-24-20-7-25-0-18-12-8*23-24-4*,15.12529226093056,469.0,382,0.0
7,9-1-3-11-17-22-0-18-13-6-5-21-10-7-4*1-3-9-23-14-7-28-0-18-19*1-3-9-23-14-20-7-16-6-5-15*26-8-12-19-17-11-14-24-4*15-10-6-13-0-12-19-22-17-28-16-27-29-2-7*4-1-3-24-20-7-27-29-2-15-6-13-18-0-26*5-21-15-10-27-7-20-14-23-9-3-11-25-22-17*21-6-16-28-25-7-20-14-11-17-12*10-29-2-21-6-13-0-22-17-11-14-23*4-24-20-7-16-6-5-21*4-24-20-7-25-0-18-12-8*23-24-4*,15.138151741875149,467.0,346,0.0
8,9-1-3-11-17-22-0-18-13-6-5-21-10-7-4*1-3-9-23-14-7-28-0-18-19*1-3-9-23-14-20-7-16-6-5-15-2*26-8-12-19-17-11-14-24-4*15-10-6-13-0-12-19-22-17-28-16-27-29-2-7*4-1-3-24-20-7-27-29-2-15-6-13-18-0-26*5-21-15-10-27-7-20-14-23-9-3-11-25-22-17*21-6-16-28-25-7-20-14-11-17-12*10-29-2-21-6-13-0-22-17-11-14-23*4-24-20-7-16-6*4-24-20-7-25-0-18-12-8*23-24-4*,15.14209726443769,464.0,389,0.0
15,9-1-3-24-20-7-25-22-19-12-8*8-12-19-17-28-16-27-2-29-10-15-6-13-0-26*8-19-12-0-13-6-5-21-10-2-15*26-8-19-22-18-0-28-7-4-24-3-1-23*9-1-3-11-17-22-0-18-13-6-21-5*21-6-16-7-4-24-14-20-23*5-21-10-16-28-25-0-18-22-17*1-9-3-23-14-7-27-10-15-5-21*2-29-27-7-25-22-18-0-26*12-22-0-13-6-16-7-14-23-1-3-9*9-23-14-11-17-12-8-26*1-9-23-14-7-2-29-27-16-28-17-22-18-0-19*,15.15557049333645,463.0,332,0.0
10,9-1-3-11-17-22-0-18-13-6-5-21-10-7-4*1-3-9-23-14-7-28-0-18-19*1-3-9-23-14-20-7-16-6-5-15*26-8-12-19-17-11-14-24-4*15-10-6-13-0-12-19-22-17-28-16-27-29-2-7*4-1-3-24-20-7-27-29-2-15-6-13-18-0-26*5-21-15-10-27-7-20-14-23-9-3-11-25-22-17*21-6-16-28-25-7-20-14-11-17*10-29-2-21-6-13-0-22-17-11-14-23*4-24-20-7-16-6-5*4-24-20-7-25-0-18-12-8*23-24-4*,15.159252981061492,460.0,360,0.0
18,9-1-3-24-20-7-25-22-19-12-8*8-12-19-17-28-16-27-2-29-10-15-6-13-0-26*8-19-12-0-13-6-5-21-10-2-15*26-8-19-22-18-0-28-7-4-24-3-1-23*9-1-3-11-17-22-0-18-13-6-21-5*21-6-16-7-4-24-14-20-23*5-21-10-16-28-25-0-18-22-17*1-9-3-23-14-7-27-10-15-5-21*2-29-27-7-25-22-18-0-26*12-22-0-13-6-16-7-14-23-1-3-9*9-23-14-11-17-12-8-26*1-9-23-14-7-2-29-27-16-28-17-22-18-0*,15.161298807575402,459.0,352,0.0
19,9-1-3-24-20-7-25-22-19-12-8*8-12-19-17-28-16-27-2-29-10-15-6-13-0-26*8-19-12-0-13-6-5-21-10-2-15*19-22-18-0-28-7-4-24-3-1-23*9-1-3-11-17-22-0-18-13-6-21-5*5-21-6-16-7-4-24-14-20-23*5-21-10-16-28-25-0-18-22-17*1-9-3-23-14-7-27-10-15-5-21*2-29-27-7-25-22-18-0-26*22-0-13-6-16-7-14-23-1-3-9*9-23-14-11-17-12-8-26-0*1-9-23-14-7-2-29-27-16-28-17-22-18-0-19*,15.167611643675473,457.0,392,0.0
20,1-3-24-20-7-25-22-19-12-8*8-12-19-17-28-16-27-2-29-10-15-6-13-0-26*8-19-12-0-13-6-5-21-10-2-15*19-22-18-0-28-7-4-24-3-1-23*9-1-3-11-17-22-0-18-13-6-21-5*5-21-6-16-7-4-24-14-20-23*5-21-10-16-28-25-0-18-22-17*1-9-3-23-14-7-27-10-15-5-21*2-29-27-7-25-22-18-0-26*22-0-13-6-16-7-14-23-1-3-9*9-23-14-11-17-12-8-26-0*1-9-23-14-7-2-29-27-16-28-17-22-18-0-19*,15.175268880056114,455.0,397,0.0
21,9-1-3-24-20-7-25-22-19-12-8*8-12-19-17-28-16-27-2-29-10-15-6-13-0-26*8-19-12-0-13-6-5-21-10-2-15*19-22-18-0-28-7-4-24-3-1-23*9-1-3-11-17-22-0-18-13-6-21-5*21-6-16-7-4-24-14-20-23*5-21-10-16-28-25-0-18-22-17*1-9-3-23-14-7-27-10-15-5-21*2-29-27-7-25-22-18-0-26*22-0-13-6-16-7-14-23-1-3-9*9-23-14-11-17-12-8-26-0*1-9-23-14-7-2-29-27-16-28-17-22-18-0-19*,15.17678863689502,454.0,320,0.0
22,9-1-3-24-20-7-25-22-19-12-8*8-12-19-17-28-16-27-2-29-10-15-6-13-0-26*8-19-12-0-13-6-5-21-10-2-15*19-22-18-0-28-7-4-24-3-1-23*9-1-3-11-17-22-0-18-13-6-21-5*21-6-16-7-4-24-14-20-23*5-21-10-16-28-25-0-18-22-17*1-9-3-23-14-7-27-10-15-5-21*2-29-27-7-25-22-18-0-26*0-13-6-16-7-14-23-1-3-9*9-23-14-11-17-12-8-26-0*1-9-23-14-7-2-29-27-16-28-17-22-18-0-19*,15.179740472293664,452.0,335,0.0
23,9-1-3-24-20-7-25-22-19-12-8*8-12-19-17-28-16-27-2-29-10-15-6-13-0-26*8-19-12-0-13-6-5-21-10-2-15*22-18-0-28-7-4-24-3-1-23*9-1-3-11-17-22-0-18-13-6-21-5*21-6-16-7-4-24-14-20-23*5-21-10-16-28-25-0-18-22-17*1-9-3-23-14-7-27-10-15-5-21*2-29-27-7-25-22-18-0-26*22-0-13-6-16-7-14-23-1-3-9*9-23-14-11-17-12-8-26-0*1-9-23-14-7-2-29-27-16-28-17-22-18-0-19*,15.183627542670097,451.0,326,0.0
24,9-1-3-24-20-7-25-22-19-12-8*8-12-19-17-28-16-27-2-29-10-15-6-13-0-26*8-19-12-0-13-6-5-21-10-2-15*19-22-18-0-28-7-4-24-3-1-23*9-1-3-11-17-22-0-18-13-6-21-5*21-6-16-7-4-24-14-20-23*5-21-10-16-28-25-0-18-22-17*1-9-3-23-14-7-27-10-15-5-21*2-29-27-7-25-22-18-0-26*12-22-0-13-6-16-7-14-23-1-3-9*23-14-11-17-12-8-26*1-9-23-14-7-2-29-27-16-28-17-22-18-0-19*,15.19140168342296,450.0,313,0.0
25,9-1-3-24-20-7-25-22-19-12-8*8-12-19-17-28-16-27-2-29-10-15-6-13-0-26*8-19-12-0-13-6-5-21-10-2-15*12-19-22-18-0-28-7-4-24-3-1-23*9-1-3-11-17-22-0-18-13-6-21*21-6-16-7-4-24-14-20-23*5-21-10-16-28-25-0-18-22-17*1-9-3-23-14-7-27-10-15-5-21*2-29-27-7-25-22-18-0-26*12-22-0-13-6-16-7-14-23-1-3-9*23-14-11-17-12-8-26*1-9-23-14-7-2-29-27-16-28-17-22-18-0-19*,15.199321954641103,449.0,316,0.0
26,9-1-3-24-20-7-25-22-19-12-8*8-12-19-17-28-16-27-2-29-10-15-6-13-0-26*8-19-12-0-13-6-5-21-10-2-15*19-22-18-0-28-7-4-24-3-1-23*9-1-3-11-17-22-0-18-13-6-21*21-6-16-7-4-24-14-20-23*5-21-10-16-28-25-0-18-22-17*1-9-3-23-14-7-27-10-15-5-21*2-29-27-7-25-22-18-0-26*12-22-0-13-6-16-7-14-23-1-3-9*23-14-11-17-12-8-26*1-9-23-14-7-2-29-27-16-28-17-22-18-0-19*,15.202361468318916,447.0,314,0.0
27,9-1-3-24-20-7-25-22-19-12-8*8-12-19-17-28-16-27-2-29-10-15-6-13-0-26*8-19-12-0-13-6-5-21-10-2-15*12-19-22-18-0-28-7-4-24-3-1-23*9-1-3-11-17-22-0-18-13-6-21*21-6-16-7-4-24-14-20-23*5-21-10-16-28-25-0-18-22-17*1-9-3-23-14-7-27-10-15-5*2-29-27-7-25-22-18-0-26*12-22-0-13-6-16-7-14-23-1-3-9*23-14-11-17-12-8-26*1-9-23-14-7-2-29-27-16-28-17-22-18-0-19*,15.20388122515782,446.0,326,0.0
28,1-3-24-20-7-25-22-19-12-8*8-12-19-17-28-16-27-2-29-10-15-6-13-0-26*26-8-19-12-0-13-6-5-21-10-2*12-19-22-18-0-28-7-4-24-3-1-23*9-1-3-11-17-22-0-18-13-6-21-5*21-6-16-7-4-24-14-20-23*5-21-10-16-28-25-0-18-22-17*9-3-23-14-7-2-29-27-16-28-17-22-18-0*29-27-7-25-22-18-0-26*9-3-1-23-14-7-27-10-15-5-21*23-14-11-17-12-8-26*3-1-9-23-14-7-16-6-13-0-22*,15.205488660275895,439.0,397,0.0
29,9-1-3-24-20-7-25-22-19-12-8*8-12-19-17-28-16-27-2-29-10-15-6-13-0-26*8-19-12-0-13-6-5-21-10-2*12-19-22-18-0-28-7-4-24-3-1-23*9-1-3-11-17-22-0-18-13-6-21-5*21-6-16-7-4-24-14-20-23*5-21-10-16-28-25-0-18-22-17*9-3-23-14-7-2-29-27-16-28-17-22-18-0*29-27-7-25-22-18-0-26*9-3-1-23-14-7-27-10-15-5-21*23-14-11-17-12-8-26*3-1-9-23-14-7-16-6-13-0-22*,15.213028992284311,436.0,398,0.0
30,1-3-24-20-7-25-22-19-12-8*8-12-19-17-28-16-27-2-29-10-15-6-13-0-26*8-19-12-0-13-6-5-21-10-2*12-19-22-18-0-28-7-4-24-3-1-23*9-1-3-11-17-22-0-18-13-6-21-5*21-6-16-7-4-24-14-20-23*5-21-10-16-28-25-0-18-22-17*9-3-23-14-7-2-29-27-16-28-17-22-18-0*29-27-7-25-22-18-0-26*9-3-1-23-14-7-27-10-15-5-21*23-14-11-17-12-8-26*3-1-9-23-14-7-16-6-13-0-22*,15.220686228664952,434.0,395,0.0
31,9-1-3-24-20-7-25-22-19-12-8*8-12-19-17-28-16-27-2-29-10-15-6-13-0-26*8-19-12-0-13-6-5-21-10-2*19-22-18-0-28-7-4-24-3-1-23*9-1-3-11-17-22-0-18-13-6-21-5*21-6-16-7-4-24-14-20*5-21-10-16-28-25-0-18-22-17*1-9-3-23-14-7-27-10-15-5*2-29-27-7-25-22-18-0-26*22-0-13-6-16-7-14-23-1-3-9*23-14-11-17-12-8-26*1-9-23-14-7-2-29-27-16-28-17-22-18-0-19*,15.235649988309564,433.0,389,0.0
32,1-3-24-20-7-25-22-19-12-8*8-12-19-17-28-16-27-2-29-10-15-6-13-0-26*8-19-12-0-13-6-5-21-10-2*8-12-19-22-18-0-28-7-4-24-3-1-23*9-1-3-11-17-22-0-18-13-6-21-5*21-6-16-7-4-24-14-20*5-21-10-16-28-25-0-18-22-17*9-3-23-14-7-2-29-27-16-28-17-22-18*29-27-7-25-22-18-0-26*9-3-1-23-14-7-27-10-15-5-21*23-14-11-17-12-8-26*3-1-9-23-14-7-16-6-13-0-22*,15.237666588730418,432.0,399,0.0
33,1-3-24-20-7-25-22-19-12-8*8-12-19-17-28-16-27-2-29-10-15-6-13-0-26*8-19-12-0-13-6-5-21-10-2*12-19-22-18-0-28-7-4-24-3-1-23*9-1-3-11-17-22-0-18-13-6-21-5*21-6-16-7-4-24-14-20*5-21-10-16-28-25-0-18-22-17*9-3-23-14-7-2-29-27-16-28-17-22-18*29-27-7-25-22-18-0-26*9-3-1-23-14-7-27-10-15-5-21*23-14-11-17-12-8-26*3-1-9-23-14-7-16-6-13-0-22*,15.241875146130464,428.0,396,0.0
34,1-3-24-20-7-25-22-19-12-8*8-12-19-17-28-16-27-2-29-10-15-6-13-0-26*8-19-12-0-13-6-5-21-10-2*19-22-18-0-28-7-4-24-3-1-23*9-1-3-11-17-22-0-18-13-6-21-5*21-6-16-7-4-24-14-20*5-21-10-16-28-25-0-18-22-17*9-3-23-14-7-16-6-13-0-22*29-27-7-25-22-18-0-26*9-3-1-23-14-7-27-10-15-5-21*23-14-11-17-12-8-26*1-9-23-14-7-2-29-27-16-28-17-22-18-0*,15.257686462473696,426.0,374,0.0
35,9-1-3-24-20-7-25-22-19-12-8*8-12-19-17-28-16-27-2-29-10-15-6-13-0-26*19-12-0-13-6-5-21-10-2*19-22-18-0-28-7-4-24-3-1-23*9-1-3-11-17-22-0-18-13-6-21-5*21-6-16-7-4-24-14-20*5-21-10-16-28-25-0-18-22-17*1-9-3-23-14-7-27-10-15-5-21*29-27-7-25-22-18-0-26*22-0-13-6-16-7-14-23-9-1*23-14-11-17-12-8-26*0-18-22-17-28-16-27-29-2-7-14-23-1-3-9*,15.2678863689502,425.0,380,0.0
36,1-3-24-20-7-25-22-19-12-8*8-12-19-17-28-16-27-2-29-10-15-6-13-0-26*8-19-12-0-13-6-5-21-10-2*19-22-18-0-28-7-4-24-3-1-23*9-1-3-11-17-22-0-18-13-6-21-5*21-6-16-7-4-24-14-20*5-21-10-16-28-25-0-18-22-17*3-23-14-7-16-6-13-0-22*29-27-7-25-22-18-0-26*9-3-1-23-14-7-27-10-15-5-21*23-14-11-17-12-8-26*1-9-23-14-7-2-29-27-16-28-17-22-18-0*,15.274169978957213,424.0,379,0.0
37,1-3-24-20-7-25-22-19-12-8*8-12-19-17-28-16-27-2-29-10-15-6-13-0-26*19-12-0-13-6-5-21-10-2*19-22-18-0-28-7-4-24-3-1-23*9-1-3-11-17-22-0-18-13-6-21-5*21-6-16-7-4-24-14-20*5-21-10-16-28-25-0-18-22-17*1-9-3-23-14-7-27-10-15-5-21*29-27-7-25-22-18-0-26*22-0-13-6-16-7-14-23-9-1*23-14-11-17-12-8-26*0-18-22-17-28-16-27-29-2-7-14-23-1-3-9*,15.27639116202946,423.0,368,0.0
38,1-3-24-20-7-25-22-19-12-8*8-12-19-17-28-16-27-2-29-10-15-6-13-0-26*19-12-0-13-6-5-21-10-2*19-22-18-0-28-7-4-24-3-1-23*9-1-3-11-17-22-0-18-13-6-21-5*21-6-16-7-4-24-14-20*5-21-10-16-28-25-0-18-22*1-9-3-23-14-7-27-10-15-5-21*29-27-7-25-22-18-0-26*22-0-13-6-16-7-14-23-9-1*23-14-11-17-12-8-26*0-18-22-17-28-16-27-29-2-7-14-23-1-3-9*,15.2830547112462,421.0,396,0.0
39,3-24-20-7-25-22-19-12-8*8-12-19-17-28-16-27-2-29-10-15-6-13-0-26*19-12-0-13-6-5-21-10-2*19-22-18-0-28-7-4-24-3-1-23*9-1-3-11-17-22-0-18-13-6-21-5*21-6-16-7-4-24-14-20*5-21-10-16-28-25-0-18-22-17*1-9-3-23-14-7-27-10-15-5-21*29-27-7-25-22-18-0-26*22-0-13-6-16-7-14-23-9-1*23-14-11-17-12-8-26*0-18-22-17-28-16-27-29-2-7-14-23-1-3*,15.29851531447276,420.0,388,0.0
40,1-3-24-20-7-25-22-19-12-8*8-12-19-17-28-16-27-2-29-10-15-6-13-0-26*19-12-0-13-6-5-21-10-2*19-22-18-0-28-7-4-24-14-20-23*9-1-3-11-17-22-0-18-13-6-21*21-6-16-7-4-24-3-1-23*5-21-10-16-28-25-0-18-22-17*1-9-3-23-14-7-27-10-15-5-21*27-7-25-22-18-0-26*22-0-13-6-16-7-14-23-9-1*23-14-11-17-12-8-26*0-18-22-17-28-16-27-29-2-7-14-23-1-3*,15.299012158054712,418.0,393,0.0
12,22-19*8-12-19-17-11-14-24-4-7-27-10-21-5*9-1-3-11-17-22-0-18-13-6-5-21*21-15-16-7-4-3-9*26-0-28-16-10*4-24-1-9-23-14-11-17-22-18-0-26-8-19*1-3-9-23-14-7-16-6-5*4-24-14-11-25-28-16-2-21*8-12-18-0-25-28-17-22*29-2-10-15-6-13-18-22-25-7-20-24-4*3-1-23-20-7-28-17-19-12-0-18-13-6-21*8-19-17-28-16-27-29-2-7-20-24-3-1-9*,15.308159925181204,413.0,397,0.0
13,5-21-15-16-7-4-3-9*9-23-14-11-17-19-12-0-18-13-6-21*20-4-1-3-23-14-7-27-10-21-5*24-1-9-23-14-7-16-6-5*17-22-18-0-25-28-16-10*8-19-17-28-16-27-29-2-7-20-24-3-1-9*12-17-28-7-14-1*14-9-1-3-11-17-22-0-18-13-6-5*8-12-18-13-6-15-10-2-29*26-0-28-17-22*13-6-16-7-4-24-14-11-17-22-18-0-26*4-24-20-7-25-22-19-12-8-26*,15.312865326163198,409.0,393,0.0
14,5-21-15-16-7-4-3*9-23-14-11-17-19-12-0-18-13-6-21*20-4-1-3-23-14-7-27-10-21-5*24-1-9-23-14-7-16-6-5*17-22-18-0-25-28-16-10*8-19-17-28-16-27-29-2-7-20-24-3-1-9*12-17-28-7-14-1*14-9-1-3-11-17-22-0-18-13-6-5*8-12-18-13-6-15-10-2-29*26-0-28-17-22*13-6-16-7-4-24-14-11-17-22-18-0-26*4-24-20-7-25-22-19-12-8-26*,15.327156885667524,407.0,398,0.0
15,5-21-15-16-7-4-3*9-23-14-11-17-19-12-0-18-13-6-21*20-4-1-3-23-14-7-27-10-21-5*24-1-9-23-14-7-16-6-5*17-22-18-0-25-28-16-10*8-19-17-28-16-27-29-2-7-20-24-3-1-9*12-17-28-7-14-1*14-9-1-3-11-17-22-0-18-13-6-5*8-12-18-13-6-15-10-2-29*26-0-28-17-22*13-6-16-7-4-24-14-11-17-22-18-0-26*24-20-7-25-22-19-12-8-26*,15.342179097498246,405.0,399,0.0
16,5-21-15-16-7-4-3-9*9-23-14-11-17-19-12-0-18-13-6-21*20-4-1-3-23-14-7-27-10-21-5*24-1-9-23-14-7-16-6-5*17-22-18-0-25-28-16-10*8-19-17-28-16-27-29-2-7-20-24-3-1-9*12-17-28-7-14*14-9-1-3-11-17-22-0-18-13-6-5*8-12-18-13-6-15-10-2-29*26-0-28-17-22*13-6-16-7-4-24-14-11-17-22-18-0-26*4-24-20-7-25-22-19-12-8-26*,15.343026654196867,404.0,390,0.0
17,5-21-15-16-7-4-3-9*9-23-14-11-17-19-12-0-18-13-6-21*20-4-1-3-23-14-7-27-10-21-5*24-1-9-23-14-7-16-6-5*17-22-18-0-25-28-16-10*8-19-17-28-16-27-29-2-7-20-24-3-1-9*12-17-28-7-14*9-1-3-11-17-22-0-18-13-6-5*8-12-18-13-6-15-10-2-29*26-0-28-17-22*13-6-16-7-4-24-14-11-17-22-18-0-26*4-24-20-7-25-22-19-12-8-26*,15.35109305588029,399.0,377,0.0
18,5-21-15-16-7-4-3-9*9-23-14-11-17-19-12-0-18-13-6-21*20-4-1-3-23-14-7-27-10-21-5*20-24-1-9-23-14-7-16-6-5*22-18-0-25-28-16-10*8-19-17-28-16-27-29-2-7-20-24-3-1-9*12-17-28-7*9-1-3-11-17-22-0-18-13-6-5-21*8-12-18-13-6-15-10-2-29*26-0-28-17-22*13-6-16-7-4-24-14-11-17-22-18-0-26*4-24-20-7-25-22-19-12-8-26*,15.354775543605331,398.0,394,0.0
19,5-21-15-16-7-4-3-9*9-23-14-11-17-19-12-0-18-13-6-21*20-4-1-3-23-14-7-27-10-21-5*24-1-9-23-14-7-16-6-5*22-18-0-25-28-16-10*8-19-17-28-16-27-29-2-7-20-24-3-1-9*12-17-28-7-14*9-1-3-11-17-22-0-18-13-6-5*8-12-18-13-6-15-10-2-29*26-0-28-17-22*13-6-16-7-4-24-14-11-17-22-18-0-26*4-24-20-7-25-22-19-12-8-26*,15.35775660509703,397.0,369,0.0
20,5-21-15-16-7-4-3-9*9-23-14-11-17-19-12-0-18-13-6-21*20-4-1-3-23-14-7-27-10-21-5*20-24-1-9-23-14-7-16-6-5*22-18-0-25-28-16-10*8-19-17-28-16-27-29-2-7-20-24-3-1-9*12-17-28-7*9-1-3-11-17-22-0-18-13-6-5*8-12-18-13-6-15-10-2-29*26-0-28-17-22*13-6-16-7-4-24-14-11-17-22-18-0-26*4-24-20-7-25-22-19-12-8-26*,15.359860883797054,395.0,375,0.0
21,5-21-15-16-7-4-3-9*9-23-14-11-17-19-12-0-18-13-6-21*20-4-1-3-23-14-7-16-6-5*24-1-9-23-14-7-27-10-21-5*22-18-0-25-28-16-10*8-19-17-28-16-27-29-2-7-20-24-3-1-9*17-28-7-14*9-1-3-11-17-22-0-18-13-6-5*8-12-18-13-6-15-10-2-29*26-0-28-17-22*13-6-16-7-4-24-14-11-17-22-18-0-26*4-24-20-7-25-22-19-12-8-26*,15.363017301847089,393.0,379,0.0
22,5-21-15-16-7-4-3-9*9-23-14-11-17-19-12-0-18-13-6-21*20-4-1-3-23-14-7-27-10-21-5*24-1-9-23-14-7-16-6-5*22-18-0-25-28-16-10*8-19-17-28-16-27-29-2-7-20-24-3-1-9*12-17-28-7*9-1-3-11-17-22-0-18-13-6-5*8-12-18-13-6-15-10-2-29*26-0-28-17-22*13-6-16-7-4-24-14-11-17-22-18-0-26*4-24-20-7-25-22-19-12-8-26*,15.366816693944353,392.0,362,0.0
23,5-21-15-16-7-4-3-9*9-23-14-11-17-19-12-0-18-13-6-21*20-4-1-3-23-14-7-16-6-5*24-1-9-23-14-7-27-10-21-5*22-18-0-25-28-16-10*8-19-17-28-16-27-29-2-7-20-24-3-1-9*17-28-7*9-1-3-11-17-22-0-18-13-6-5*8-12-18-13-6-15-10-2-29*26-0-28-17-22*13-6-16-7-4-24-14-11-17-22-18-0-26*4-24-20-7-25-22-19-12-8-26*,15.372077390694413,388.0,368,0.0
24,5-21-15-16-7-4-3-9*9-23-14-11-17-19-12-0-18-13-6-21*4-1-3-23-14-7-16-6-5*24-1-9-23-14-7-27-10-21-5*22-18-0-25-28-16-10*8-19-17-28-16-27-29-2-7-20-24-3-1-9*17-28-7*9-1-3-11-17-22-0-18-13-6-5-21*8-12-18-13-6-15-10-2-29*26-0-28-17-22*13-6-16-7-4-24-14-11-17-22-18-0-26*4-24-20-7-25-22-19-12-8-26*,15.376081365443069,387.0,393,0.0
25,5-21-15-16-7-4-3-9*9-23-14-11-17-19-12-0-18-13-6-21*20-4-1-3-23-14-7-16-6-5*24-1-9-23-14-7-27-10-21-5*22-18-0-25-28-16-10*8-19-17-28-16-27-29-2-7-20-24-3-1-9*17-28-7*9-1-3-11-17-22-0-18-13-6-5*8-12-18-13-6-15-10-2-29*26-0-28-17*13-6-16-7-4-24-14-11-17-22-18-0-26*4-24-20-7-25-22-19-12-8-26*,15.379530044423662,386.0,374,0.0
26,5-21-15-16-7-4-3-9*9-23-14-11-17-19-12-0-18-13-6-21*4-1-3-23-14-7-16-6-5*24-1-9-23-14-7-27-10-21-5*22-18-0-25-28-16-10*8-19-17-28-16-27-29-2-7-20-24-3-1-9*17-28-7*9-1-3-11-17-22-0-18-13-6-5*8-12-18-13-6-15-10-2-29*26-0-28-17-22*13-6-16-7-4-24-14-11-17-22-18-0-26*4-24-20-7-25-22-19-12-8-26*,15.38116670563479,384.0,378,0.0
27,5-21-15-16-7-4-3-9*9-23-14-11-17-19-12-0-18-13-6-21*4-1-3-23-14-7-16-6-5*24-1-9-23-14-7-27-10-21-5*22-18-0-25-28-16-10*8-19-17-28-16-27-29-2-7-20-24-3-1-9*18-17-28-7*9-1-3-11-17-22-0-18-13-6-5*8-12-18-13-6-15-10-2-29*26-0-28-17-22*13-6-16-7-4-24-14-11-17-22-18-0-26*4-24-20-7-25-22-19-12-8*,15.406534954407295,383.0,400,0.0
28,5-21-15-16-7-4-3-9*9-23-14-11-17-19-12-0-18-13-6-21*4-1-3-23-14-7-16-6-5*24-1-9-23-14-7-27-10-21-5*22-18-0-25-28-16-10*8-19-17-28-16-27-29-2-7-20-24-3-1-9*17-28-7*9-1-3-11-17-22-0-18-13-6-5*8-12-18-13-6-15-10-2-29*26-0-28-17-22*13-6-16-7-4-24-14-11-17-22-18-0-26*4-24-20-7-25-22-19-12-8*,15.412613981762918,379.0,399,0.0
29,5-21-15-16-7-4-3-9*9-23-14-11-17-19-12-8*4-1-3-23-14-7-27-10-21*24-1-9-23-14-7-16-6-5*22-18-0-25-28-16-10*8-19-17-28-16-27-29-2-7-20-24-3-1-9*17-28-7*9-1-3-11-17-22-0-18-13-6-5*8-12-18-13-6-15-10-2-29*26-0-28-17-22*13-6-16-7-4-24-14-11-17-22-18-0-26*4-24-20-7-25-22-19-12-0-18-13-6-21*,15.461158522328734,376.0,373,0.0
30,5-21-15-16-7-4-3-9*9-23-14-11-17-19-12-8-26*4-1-3-23-14-7-27-10-21*24-1-9-23-14-7-16-6-5*22-18-0-25-28-16*8-19-17-28-16-27-29-2-7-20-24-3-1-9*17-28-7*9-1-3-11-17-22-0-18-13-6-5*8-12-18-13-6-15-10-2-29*26-0-28-17-22*13-6-16-7-4-24-14-11-17-22-18-0-26*4-24-20-7-25-22-19-12-0-18-13-6-21*,15.481032265606734,375.0,370,0.0
34,15-2-29-27-16-28-25-22-19-12-8*4-7-25-0-26-8-12-19-17-11-14-23-3-9*9-1-3-24-20-7-16-6-5*12-18-0-25-7-20-14-23*22-17-28-25*21-15-10-27-7-14-23-9-1-3*23-14*2-21-5-6-13-18-0-22-17-11-3-1-9*5-21-10-16-28-25-11-14-24-4*8-19-18-13-6-10-2-29-27-7-24-4-3-9*0-12-19-17-28-7-4-1*22-0-28-16-15-6*,15.481996726677576,374.0,371,0.0
35,6-21-15-10-27-7-14-23-9-1-3-4*24-4-7-25-0-26-8-12-19-17-11-14-23-3*9-1-3-24-20-7-16-6-5-15*8-19-12-18-13-6-10-2-29-27-7-24-4*15-16-28-0-18-12*6-15-2-29-27-16-28-25-22-19-12-8*1-23*5-6-13-18-0-22-17-11-3-1-9*5-21-10-16-28-25-11-14*13-18-0-25-7-20-23*24-14-23-20-4-7-28-17-19-12*12-17*,15.484276361935937,373.0,385,0.0
36,6-21-15-10-27-7-14-23-9-1-3-4*24-4-7-25-0-26-8-12-19-17-11-14-23-3-9*9-1-3-24-20-7-16-6-5*19-12-18-13-6-10-2-29-27-7-24-4-3-9*15-16-28-0-18-12-19*15-2-29-27-16-28-25-22-19-12-8*1-23*5-6-13-18-0-22-17-11-3-1-9*15-5-21-10-16-28-25-11-14-24*13-18-0-25-7-20-23*12-19-17-28-7-4-20-23*12-17*,15.492021276595745,372.0,372,0.0
32,5-21-15-16-7-4-3-9*9-23-14-11-17-19-12-8-26*1-3-23-14-7-27-10-21*4-24-1-9-23-14-7-16-6-5*18-0-25-28-16*8-19-17-28-16-27-29-2-7-20-24-3-1-9*17-28-7*9-1-3-11-17-22-0-18-13-6-5*8-12-18-13-6-15-10-2-29*26-0-28-17-22*13-6-16-7-4-24-14-11-17-22-18-0-26*4-24-20-7-25-22-19-12-0-18-13-6-21*,15.494067103109655,369.0,369,0.0
39,13-6-21-15-10-27-7-14-23-9-1-3-4*24-4-7-25-0-26-8-12-19-17-11-14-23-3*9-1-3-24-20-7-16-6-5*19-12-18-13-6-10-2-29-27-7-24-4*15-16-28-0-18-12*6-15-2-29-27-16-28-25-22-19-12-8*1-23*5-6-13-18-0-22-17-11-3-1-9*5-21-10-16-28-25-11-14*13-18-0-25-7-20-23*24-14-23-20-4-7-28-17-19-12*12-17*,15.505786766425064,367.0,395,0.0
40,6-21-15-10-27-7-14-23-9-1-3-4*24-4-7-25-0-26-8-12-19-17-11-14-23-3*9-1-3-24-20-7-16-6-5-21*19-12-18-13-6-10-2-29-27-7-24-4*15-16-28-0-18-12*6-15-2-29-27-16-28-25-22-19-12-8*1-23*5-6-13-18-0-22-17-11-3-1-9*5-21-10-16-28-25-11-14*13-18-0-25-7-20-23*24-14-23-20-4-7-28-17-19-12*12-17*,15.50666354921674,365.0,373,0.0
35,5-21-15-16-7-4-3-9*9-23-14-11-17-19-12-0-18-13-6-21*1-3-23-14-7-27-10-21*4-24-1-9-23-14-7-16-6-5*18-0-25-28-16*8-19-17-28-16-27-29-2-7-20-24-3-1-9*17-28-7*9-1-3-11-17-22-0-18-13-6-5*8-12-18-13-6-15-10-2-29*26-0-28-17-22*13-6-16-7-4-24-14-11-17-22-18-0-26*4-24-20-7-25-22-19-12-8*,15.51356090717793,364.0,389,0.0
41,6-21-15-10-27-7-14-23-9-1-3-4*24-4-7-25-0-26-8-12-19-17-11-14-23-3*9-1-3-24-20-7-16-6-5*19-12-18-13-6-10-2-29-27-7-24-4*15-16-28-0-18-12*6-15-2-29-27-16-28-25-22-19-12-8*1-23*5-6-13-18-0-22-17-11-3-1-9*5-21-10-16-28-25-11-14*13-18-0-25-7-20-23*24-14-23-20-4-7-28-17-19-12*12-17*,15.518207855973811,362.0,372,0.0
42,6-21-15-10-27-7-14-23-9-1-3-4*24-4-7-25-0-26-8-12-19-17-11-14-23-1*9-1-3-24-20-7-16-6-5*19-12-18-13-6-10-2-29-27-7-24*15-16-28-0-18-12*6-15-2-29-27-16-28-25-22-19-12-8*23-3*5-6-13-18-0-22-17-11-3-1-9*5-21-10-16-28-25-11-14*13-18-0-25-7-20-23*24-14-23-20-4-7-28-17-19-12*12-17*,15.525631283610007,360.0,389,0.0
43,6-21-15-10-27-7-14-23-9-1-3-4*24-4-7-25-0-26-8-12-19-17-11-14-23-3*9-1-3-24-20-7-16-6-5*19-12-18-13-6-10-2-29-27-7-24-4*15-16-28-0-18-12*6-15-2-29-27-16-28-25-22-19-12-8*1-23*5-6-13-18-0-22-17-11-3-1-9*5-21-10-16-28-25-11*13-18-0-25-7-20-23*24-14-23-20-4-7-28-17-19-12*12-17*,15.539572129997662,357.0,374,0.0
44,6-21-15-10-27-7-14-23-9-1-3-4*24-4-7-25-0-26-8-12-19-17-11-14-23-1*9-1-3-24-20-7-16-6-5*19-12-18-13-6-10-2-29-27-7-24*15-16-28-0-18-12*6-15-2-29-27-16-28-25-22-19-12-8*23-3*5-6-13-18-0-22-17-11-3-1-9*5-21-10-16-28-25-11*13-18-0-25-7-20-23*24-14-23-20-4-7-28-17-19-12*12-17*,15.546995557633856,355.0,390,0.0
45,6-21-15-10-27-7-14-23-9-1-3-4*24-4-7-25-0-26-8-12-19-17-11-14-23-1*9-1-3-24-20-7-16-6-5*19-12-18-13-6-10-2-29-27-7-24-4*15-16-28-0-18-12*15-2-29-27-16-28-25-22-19-12-8*23-3*5-6-13-18-0-22-17-11-3-1-9*5-21-10-16-28-25-11*13-18-0-25-7-20-23*24-14-23-20-4-7-28-17-19-12*12-17*,15.551321019406126,352.0,396,0.0
46,6-21-15-10-27-7-14-23-9-1-3-4*24-4-7-25-0-26-8-12-19-17-11-14-23-3*9-1-3-24-20-7-16-6-5*19-12-18-13-6-10-2-29-27-7-24*15-16-28-0-18-12*15-2-29-27-16-28-25-22-19-12-8*1-23*5-6-13-18-0-22-17-11-3-1-9*5-21-10-16-28-25-11*13-18-0-25-7-20-23*24-14-23-20-4-7-28-17-19-12*12-17*,15.580897825578676,350.0,394,0.0
47,6-21-15-10-27-7-14-23-9-1-3-4*24-4-7-25-0-26-8-12-19-17-11-14-23-3*9-1-3-24-20-7-16-6-5*19-12-18-13-6-10-2-29-27-7-24-4*15-16-28-0-18*15-2-29-27-16-28-25-22-19-12-8*1-23*5-6-13-18-0-22-17-11-3-1-9*5-21-10-16-28-25-11*13-18-0-25-7-20-23*24-14-23-20-4-7-28-17-19-12*12-17*,15.591214636427402,348.0,389,0.0
48,6-21-15-10-27-7-14-23-9-1-3-4*4-7-25-0-26-8-12-19-17-11-14-23-3-1*9-1-3-24-20-7-16-6-5*19-12-18-13-6-10-2-29-27-7-24-4*15-16-28-0-18*15-2-29-27-16-28-25-22-19-12-8*1-23*5-6-13-18-0-22-17-11-3-1-9*5-21-10-16-28-25-11*13-18-0-25-7-20-23*24-14-23-20-4-7-28-17-19-12*12-17*,15.601385316810848,347.0,384,0.0
49,6-21-15-10-27-7-14-23-9-1-3-4*4-7-25-0-26-8-12-19-17-11-14-23-3*9-1-3-24-20-7-16-6-5*19-12-18-13-6-10-2-29-27-7-24-4*15-16-28-0-18*15-2-29-27-16-28-25-22-19-12-8*1-23*5-6-13-18-0-22-17-11-3-1-9*5-21-10-16-28-25-11*13-18-0-25-7-20-23*24-14-23-20-4-7-28-17-19-12*12-17*,15.60860416179565,346.0,366,0.0
50,15-2-29-27-16-28-25-22-19-12-8*4-7-25-0-26-8-12-19-17-11-14-23-3-9*1-3-24-20-7-16-6-5-21*19-12-18-13-6-10-2-29-27-7-24-4*15-16-28-0*6-15-10-27-7-14-23-9-1-3-4*1-23*2-21-5-6-13-18-0-22-17-11-3-1-9*5-21-10-16-28-25-11-14-24*13-18-0-25-7-20-23*4-7-28-17-19-12*22-0*,15.61421557166238,345.0,396,0.0
51,15-2-29-27-16-28-25-22-19-12-8*4-7-25-0-26-8-12-19-17-11-14-23-3-9*9-1-3-24-20-7-16-6-5-21*19-12-18-13-6-10-2-29-27-7-24-4*15-16-28-0*6-15-10-27-7-14-23-9-1-3-4*1-23*21-5-6-13-18-0-22-17-11-3-1-9*5-21-10-16-28-25-11-14-24*13-18-0-25-7-20-23*4-7-28-17-19-12-0*22-0*,15.616290624269348,343.0,395,0.0
52,15-2-29-27-16-28-25-22-19-12-8*4-7-25-0-26-8-12-19-17-11-14-23-3-9*1-3-24-20-7-16-6-5-21*19-12-18-13-6-10-2-29-27-7-24-4-1*15-16-28-0*6-15-10-27-7-14-23-9-1*1-23*21-5-6-13-18-0-22-17-11-3-1-9*5-21-10-16-28-25-11-14-24*13-18-0-25-7-20-23*3-4-7-28-17-19-12*22-0*,15.63499532382511,342.0,394,0.0
53,15-2-29-27-16-28-25-22-19-12-8*4-7-25-0-26-8-12-19-17-11-14-23-3-9*1-3-24-20-7-16-6-5-21*19-12-18-13-6-10-2-29-27-7-24-4*15-16-28-0*6-15-10-27-7-14-23-9-1-3-4*1-23*21-5-6-13-18-0-22-17-11-3-1-9*5-21-10-16-28-25-11-14-24*13-18-0-25-7-20-23*4-7-28-17-19-12-0*22-0*,15.63897007248071,341.0,394,0.0
54,15-2-29-27-16-28-25-22-19-12-8*4-7-25-0-26-8-12-19-17-11-14-23-3-9*1-3-24-20-7-16-6-5-21*19-12-18-13-6-10-2-29-27-7-24-4*15-16-28-0*6-15-10-27-7-14-23-9-1-3-4*1-23*21-5-6-13-18-0-22-17-11-3-1-9*5-21-10-16-28-25-11-14-24*13-18-0-25-7-20-23*4-7-28-17-19-12*22-0*,15.649520692073883,337.0,383,0.0
55,15-2-29-27-16-28-25-22-19-12-8*4-7-25-0-26-8-12-19-17-11-14-23-3-9*1-3-24-20-7-16-6-5-21*19-12-18-13-6-10-2-29-27-7-24-4-1*15-16-28-0*6-15-10-27-7-14-23-9-1*1-23*21-5-6-13-18-0-22-17-11-3-1-9*5-21-10-16-28-25-11-14-24*13-18-0-25-7-20-23*4-7-28-17-19-12*22-0*,15.667260930558802,336.0,371,0.0
56,2-29-27-16-28-25-22-19-12-8*4-7-25-0-26-8-12-19-17-11-14-23-3-9*1-3-24-20-7-16-6-5-21*19-12-18-13-6-10-2-29-27-7-24-4*15-16-28-0*6-15-10-27-7-14-23-9-1-3-4*1-23*21-5-6-13-18-0-22-17-11-3-1-9*5-21-10-16-28-25-11-14-24*13-18-0-25-7-20-23*4-7-28-17-19-12*22-0*,15.685293429974282,332.0,388,0.0
57,15-2-29-27-16-28-25-22-19-12-8*4-7-25-0-26-8-12-19-17-11-14-23-3-9*1-3-24-20-7-16-6-5-21*19-12-18-13-6-10-2-29-27-7-24-4-1*15-16-28-0*6-15-10-27-7-14-23-9-1*1-23*21-5-6-13-18-0-22-17-11-3-1-9*5-21-10-16-28-25-11-14-24*13-18-0-25-7-20-23*7-28-17-19-12*22-0*,15.706570025718962,331.0,394,0.0
58,2-29-27-16-28-25-22-19-12-8*4-7-25-0-26-8-12-19-17-11-14-23-3-9*1-3-24-20-7-16-6-5-21*19-12-18-13-6-10-2-29-27-7-24-4*15-16-28-0*15-10-27-7-14-23-9-1-3-4*1-23*21-5-6-13-18-0-22-17-11-3-1-9*5-21-10-16-28-25-11-14-24*13-18-0-25-7-20-23*4-7-28-17-19-12*22-0*,15.721504559270516,327.0,389,0.0
59,2-29-27-16-28-25-22-19-12-8*4-7-25-0-26-8-12-19-17-11-14-23-3-9*1-3-24-20-7-16-6-5*19-12-18-13-6-10-2-29-27-7-24-4*15-16-28-0*15-10-27-7-14-23-9-1-3-4*1-23*21-5-6-13-18-0-22-17-11-3-1-9*5-21-10-16-28-25-11-14-24*13-18-0-25-7-20-23*4-7-28-17-19-12*22-0*,15.740413841477672,324.0,400,0.0
60,2-29-27-16-28-25-22-19-12-8*4-7-25-0-26-8-12-19-17-11-14-23-3-9*1-3-24-20-7-16-6-5*19-12-18-13-6-10-2-29-27-7-24-4-1-3-9*28-0*21-6-15-10-27-7-14-23-9-1*1-23*21-5-6-13-18-0-22-17-11-3-1-9*5-21-10-16-28-25-11-14-24*19-18-0-25-7-20-23*4-7-28-17-19-12*22-0*,15.783113163432311,323.0,360,0.0
61,2-29-27-16-28-25-22-19-12-8*4-7-25-0-26-8-12-19-17-11-14-23-3-9*1-3-24-20-7-16-6-5*19-12-18-13-6-10-2-29-27-7-24-4-1-3*28-0*21-6-15-10-27-7-14-23-9-1*1-23*21-5-6-13-18-0-22-17-11-3-1-9*5-21-10-16-28-25-11-14-24*19-18-0-25-7-20-23*4-7-28-17-19-12*22-0*,15.785509703062894,321.0,359,0.0
62,7-2-29-27-16-28-25-22-19-12-8*4-7-25-0-26-8-12-19-17-11-14-23-3-9*1-3-24-20-7-16-6-5*19-12-18-13-6-10-2-29-27-7-24-4-1-3*28-0*6-15-10-27-7-14-23-9-1*1-23*21-5-6-13-18-0-22-17-11-3-1-9*5-21-10-16-28-25-11-14-24*18-0-25-7-20-23*4-7-28-17-19-12*22-0*,15.785860416179563,320.0,397,0.0
63,2-29-27-16-28-25-22-19-12-8*4-7-25-0-26-8-12-19-17-11-14-23-3-9*1-3-24-20-7-16-6-5-21*19-12-18-13-6-10-2-29-27-7-24-4-1-3*28-0*6-15-10-27-7-14-23-9-1*1-23*21-5-6-13-18-0-22-17-11-3-1-9*5-21-10-16-28-25-11-14-24*18-0-25-7-20-23*20-4-7-28-17-19-12*22-0*,15.80327916764087,319.0,390,0.0
64,2-29-27-16-28-25-22-19-12-8*4-7-25-0-26-8-12-19-17-11-14-23-3-9*1-3-24-20-7-16-6-5*19-12-18-13-6-10-2-29-27-7-24-4-1-3*28-0*21-6-15-10-27-7-14-23-9-1*1-23*21-5-6-13-18-0-22-17-11-3-1-9*5-21-10-16-28-25-11-14-24*18-0-25-7-20-23*4-7-28-17-19-12*22-0*,15.80775075987842,317.0,352,0.0
65,2-29-27-16-28-25-22-19-12-8*4-7-25-0-26-8-12-19-17-11-14-23-3-9*1-3-24-20-7-16-6-5-21*19-12-18-13-6-10-2-29-27-7-24-4-1-3*28-0*6-15-10-27-7-14-23-9-1*1-23*21-5-6-13-18-0-22-17-11-3-1-9*5-21-10-16-28-25-11-14-24*18-0-25-7-20-23*4-7-28-17-19-12*22-0*,15.817132335749356,315.0,375,0.0
66,2-29-27-16-28-25-22-19-12-8*4-7-25-0-26-8-12-19-17-11-14-23-3-9*1-3-24-20-7-16-6-5*19-12-18-13-6-10-2-29-27-7-24-4-1-3*28-0*6-15-10-27-7-14-23-9-1*1-23*21-5-6-13-18-0-22-17-11-3-1-9*5-21-10-16-28-25-11-14-24*18-0-25-7-20-23*4-7-28-17-19-12*22-0*,15.836041617956512,312.0,335,0.0
67,2-29-27-16-28-25-22-19-12-8*4-7-25-0-26-8-12-19-17-11-14-23-3-9*1-3-24-20-7-16-6-5*19-12-18-13-6-10-2-29-27-7-24-4-1-3*28-0*6-15-10-27-7-14-23-9*1-23*21-5-6-13-18-0-22-17-11-3-1-9*5-21-10-16-28-25-11-14-24*18-0-25-7-20-23*4-7-28-17-19-12*22-0*,15.850420855740005,310.0,382,0.0
68,2-29-27-16-28-25-22-19-12-8*24-4-7-25-0-26-8-12-19-17-11-14-23-3-9*1-3-24-20-7-16-6-5*19-12-18-13-6-10-2-29-27-7-24-4-1-3*28-0*6-15-10-27-7-14-23-9-1*1-23*21-5-6-13-18-0-22-17-11-3-1-9*5-21-10-16-28-25-11-14-24*18-0-25-7-20-23*7-28-17-19-12*22-0*,15.860708440495674,309.0,357,0.0
69,2-29-27-16-28-25-22-19-12-8*24-4-7-25-0-26-8-12-19-17-11-14-23-3-9*1-3-24-20-7-16-6-5*19-12-18-13-6-10-2-29-27-7-24-4-1-3*28-0*6-15-10-27-7-14-23-9*1-23*21-5-6-13-18-0-22-17-11-3-1-9*5-21-10-16-28-25-11-14-24*18-0-25-7-20-23*7-28-17-19-12*22-0*,15.875087678279169,307.0,378,0.0
63,5-21-10-16-28-25-11-14-23*2-27-7-25-22-18-0-26*8-12-19-17-28-16-27-29-2-7-4-3-1*0-28*28-25*2-10-15-6-13-18-0-22-17-11-3-1-9*5-21-6-13-0-18-12-19-22*10-29*1-9-3-23-14-7-16-6-5*8-12-19-17-11-14-24-4*21-15-10-27-7-20-14-23-9*1-24-20-7-28-17-19-8*,15.905862754267009,304.0,400,0.0
64,5-21-10-16-28-25-11-14-23*27-7-25-22-18-0-26*8-12-19-17-28-16-27-29-2-7-4-3-1*0-28*28-25*2-10-15-6-13-18-0-22-17-11-3-1-9*5-21-6-13-0-18-12-19-22*10-29*9-3-23-14-7-16-6-5*26-8-12-19-17-11-14-24-4*21-15-10-27-7-20-14-23-9*1-24-20-7-28-17-19-8*,15.92141103577274,302.0,399,0.0
65,21-10-16-28-25-11-14-24-4*15-2-27-7-25-22-18-0-26*8-12-19-17-28-16-27-29-2-7-4-3-1*18-0-28*28-25*10-15-6-13-18-0-22-17-11-3-1-9*5-21-6-13-0-18-12-19-22*10-29*9-3-23-14-7-16-6-5*12-19-17-11-14-23*21-15-10-27-7-20-14-23-9-1*3-1-24-20-7-28-17-19-8*,15.931932429272855,300.0,389,0.0
76,2-29-27-16-28-17-19-12*28-25-11-14-23-3-1*1-3-24-20-7-16-6-5*8-12-18-13-6-10-2-29-27-7-24-1-9*16-28*15-10-16-28-25-0-26-8-12-19-17-11-14-24-4*24-4*21-5-6-13-18-0-22-17-11-3-1-9*9-23-14-7-27-10-21-5*19-18-0-25-28-7-4*22-0*23-14-20-7-25-22-19-12*,15.965834697217677,298.0,399,0.0
77,2-29-27-16-28-17-19-12*28-25-11-14-23-3*9-1-3-24-20-7-16-6-5*8-12-18-13-6-10-2-29-27-7-24-1*16-28*15-10-16-28-25-0-26-8-12-19-17-11-14-24-4*24-4*21-5-6-13-18-0-22-17-11-3-1-9*9-23-14-7-27-10-21-5*19-18-0-25-28-7-4*22-0*23-14-20-7-25-22-19-12*,15.990063128361,297.0,368,0.0
78,2-29-27-16-28-17-19-12*28-25-11-14-23-3*1-3-24-20-7-16-6-5*8-12-18-13-6-10-2-29-27-7-24-1-3*16-28*15-10-16-28-25-0-26-8-12-19-17-11-14-24-4*23-14-24*21-5-6-13-18-0-22-17-11-3-1-9*1-9-23-14-7-27-10-21-5*18-0-25-28-7-4*22-0*14-20-7-25-22-19-12*,16.012245732990415,295.0,387,0.0
71,8-12-0-18-13-6-15-10-27-7-14-23-3-1-9*21-2-29-27-16-28-17-22-18-0-26*7-28-0-18-19*9-23-14-20-7-25-0-22-19-8*10-2*9-1-3-11-17-22-0-13-6-5-21-10-15*15-10*21-5-6-16-7-20-24-1-3-9*29-2-7-4-24-1-3*4-24-14-11-17-19-12-8*10-29*5-21-6-16-28-25*,16.01963993453355,291.0,399,0.0
72,8-12-0-18-13-6-15-10-27-7-14-23-3-1-9*21-2-29-27-16-28-17-22-18-0-26*7-28-0-18-19*9-23-14-20-7-25-0-22-19-8*10-2*9-1-3-11-17-22-0-13-6-5-21-10*15-10*21-5-6-16-7-20-24-1-3-9*29-2-7-4-24-1-3*4-24-14-11-17-19-12-8*10-29*5-21-6-16-28-25*,16.033376198269814,289.0,390,0.0
64,1-9-23-14-7-16-6-5-21*1-3-24-20-7-28-17-19-12-8*23-24-7-2-29-27-16-28-17-22-19-12*18-22*21-10*20-14-24-4-7-25-0-18-22-17-11-3-1-9*28-0-26*28-25-22-19-0*8-12-0-18-13-6-15-10-2-29*21-6-13-0-22-17-11-14-23*4-1-3-9-23-14-7-27-10-15-21-5*0-22*,16.040887304185176,288.0,386,0.0
73,8-12-0-18-13-6-15-10-27-7-14-23-3-1-9*21-2-29-27-16-28-17-22-18-0-26*7-2-29*9-23-14-20-7-25-0-22-19*10-2*9-1-3-11-17-22-0-13-6-5-21-10*15-10*21-5-6-16-7-20-24-1-3-9*3-1-24-4-7-28-0-18-19*4-24-14-11-17-19-12-8*10-29*5-21-6-16-28-25*,16.052723871872807,284.0,399,0.0
66,1-9-23-14-7-27-10-15-21-5*1-3-24-20-7-28-17-19-12-8*4-24-7-2-29-27-16-28-17-22-19-12*18-22*21-10*20-14-24-4-7-25-0-18-22-17-11-3-1-9*28-0-26*28-25-22-19-8*8-12-0-18-13-6-15-10-2-29*21-6-13-0-22-17-11-14-23*4-1-3-9-23-14-7-16-6-5*0-22*,16.067979892447976,283.0,390,0.0
74,8-12-0-18-13-6-15-10-27-7-14-23-3-1-9*2-29-27-16-28-17-22-18-0-26*4-7-28-0-18-19*9-23-14-20-7-25-0-22-19*10-2*9-1-3-11-17-22-0-13-6-5-21-10-2*15-10*5-6-16-7-20-24-1-3-9*29-2-7-4-24-14-11-17-19-12-8-26*4-24*10-29*21-6-16-28-25*,16.071194762684126,278.0,395,0.0
75,8-12-0-18-13-6-15-10-27-7-14-23-3-1-9*2-29-27-16-28-17-22-18-0-26*4-7-28-0-18-19*9-23-14-20-7-25-0-22-19*10-2*9-1-3-11-17-22-0-13-6-5-21-10-2*15-10*5-6-16-7-20-24-1-3-9*29-2-7-4-24-14-11-17-19-12-8*4-24*10-29*21-6-16-28-25*,16.102145195230303,273.0,396,0.0
76,8-12-0-18-13-6-15-10-27-7-14-23-3-1-9*2-29-27-16-28-17-22-18-0-26*4-7-28-0-18-19*9-23-14-20-7-25-0-22-19*10-2*9-1-3-11-17-22-0-13-6-5-21-10-2*15-10*5-6-16-7-20-24-1-3-9*2-7-4-24-14-11-17-19-12-8*4-24*10-29*21-6-16-28-25*,16.14642272620996,271.0,398,0.0
77,8-12-0-18-13-6-15-10-27-7-14-23-3-1-9*2-29-27-16-28-17-22-18-0-26*7-28*9-23-14-20-7-25-0-22-19-12*10-2*9-1-3-11-17-22-0-13-6-5-21*15-10*21-5-6-16-7-20-24-1-3-9*29-2-7-4-24-14-11-17-19-12-8-26*4-24*21-10-29*21-6-16-28-25-11*,16.149754500818332,269.0,392,0.0
78,8-12-0-18-13-6-15-10-27-7-14-23-3-1-9*2-29-27-16-28-17-22-18-0-26*7-28-0-18-19*9-23-14-20-7-25-0-22-19*10-2*9-1-3-11-17-22-0-13-6-5-21-10-2*15-10*5-6-16-7-20-24-1-3-9*29-2-7-4-24-14-11-17-19-12-8*4-24*10-29*21-6-16-28-25*,16.176467149871407,268.0,371,0.0
74,1-9-23-14-7-16-6-5*1-3-24-20-7-28-17-19-12-8*24-7-2-29-27-16-28-17-22-19-12*18-22*21-10*14-24-4-7-25-0-18-22-17-11-3-1-9*28-0-26*28-25-22-19*8-12-0-18-13-6-15-10-2-29*21-15-10-27-7-14-23-9-3-1*5-21-6-13-0-22-17-11-14-23*0-22*,16.189297404722936,267.0,355,0.0
80,8-12-0-18-13-6-15-10-27-7-14-23-3-1-9*2-29-27-16-28-17-22-18-0-26*7-28*9-23-14-20-7-25-0-22-19-12*10-2*9-1-3-11-17-22-0-13-6-5-21*15-10*5-6-16-7-20-24-1-3-9*29-2-7-4-24-14-11-17-19-12-8-26*4-24-23*21-10-29*21-6-16-28-25*,16.195142623334114,266.0,359,0.0
81,8-12-0-18-13-6-15-10-27-7-14-23-3-1-9*2-29-27-16-28-17-22-18-0-26*24-7-28-0-18*9-23-14-20-7-25-0-22-19*10-2*9-1-3-11-17-22-0-13-6-5-21-10*15-10*5-6-16-7-20-24-1-3-9*29-2-7-4-24-14-11-17-19-12-8*4-24*10-29*21-6-16-28-25*,16.201776946457798,265.0,315,0.0
82,8-12-0-18-13-6-15-10-27-7-14-23-3-1-9*2-29-27-16-28-17-22-18-0-26*7-28*9-23-14-20-7-25-0-22-19-12*10-2*9-1-3-11-17-22-0-13-6-5-21*15-10*21-5-6-16-7-20-24-1-3-9*29-2-7-4-24-14-11-17-19-12-8-26*4-24*21-10-29*21-6-16-28-25*,16.20630699088146,264.0,386,0.0
83,8-12-0-18-13-6-15-10-27-7-14-23-3-1-9*2-29-27-16-28-17-22-18-0-26*7-28*9-23-14-20-7-25-0-22-19-12*10-2*9-1-3-11-17-22-0-13-6-5-21*15-10*5-6-16-7-20-24-1-3-9*29-2-7-4-24-14-11-17-19-12-8-26*4-24*21-10-29*21-6-16-28-25*,16.221796820201074,261.0,349,0.0
84,8-12-0-18-13-6-15-10-27-7-14-23-3-1-9*2-29-27-16-28-17-22-18-0-26*7-28*9-23-14-20-7-25-0-22-19*10-29*9-1-3-11-17-22-0-13-6-5-21*15-10-2*5-6-16-7-20-24-1-3-9*29-2-7-4-24-14-11-17-19-12-8*4-24*21-10-2-29*21-6-16-28-25*,16.239975450081833,260.0,388,0.0
85,8-12-0-18-13-6-15-10-27-7-14-23-3-1-9*2-29-27-16-28-17-22-18-0-26*7-28*9-23-14-20-7-25-0-22-19*10-29*9-1-3-11-17-22-0-13-6-5-21*15-10*5-6-16-7-20-24-1-3-9*29-2-7-4-24-14-11-17-19-12-8-26*4-24*21-10-2*21-6-16-28-25*,16.250321487023616,259.0,384,0.0
86,8-12-0-18-13-6-15-10-27-7-14-23-3-1-9*2-29-27-16-28-17-22-18-0-26*7-28*9-23-14-20-7-25-0-22-19*15-10-29*9-1-3-11-17-22-0-13-6-5-21*15-10*5-6-16-7-20-24-1-3-9*29-2-7-4-24-14-11-17-19-12-8*4-24*21-10-2-29*21-6-16-28-25*,16.253711713818095,258.0,370,0.0
87,8-12-0-18-13-6-15-10-27-7-14-23-3-1-9*2-29-27-16-28-17-22-18-0-26*7-28*9-23-14-20-7-25-0-22-19*10-29*9-1-3-11-17-22-0-13-6-5-21*15-10*5-6-16-7-20-24-1-3-9*29-2-7-4-24-14-11-17-19-12-8*4-24*21-10-2-29*21-6-16-28-25*,16.261748889408462,256.0,353,0.0
88,8-12-0-18-13-6-15-10-27-7-14-23-3-1-9*2-29-27-16-28-17-22-18-0-26*7-28*9-23-14-20-7-25-0-22-19*10-29*9-1-3-11-17-22-0-13-6-5-21*15-10*5-6-16-7-20-24-1-3-9*29-2-7-4-24-14-11-17-19-12-8*4-24*21-10-2*21-6-16-28-25*,16.283726911386484,254.0,347,0.0
89,8-12-0-18-13-6-15-10-27-7-14-23-3-1-9*2-29-27-16-28-17-22-18-0-26*7-28*23-14-20-7-25-0-22-19*10-29*9-1-3-11-17-22-0-13-6-5-21*15-10*5-6-16-7-20-24-1-3-9*29-2-7-4-24-14-11-17-19-12-8*4-24*21-10-2-29*21-6-16-28-25*,16.303512976385317,253.0,399,0.0
90,8-12-0-18-13-6-15-10-27-7-14-23-3-1-9*2-29-27-16-28-17-22-18-0-26*7-28*9-23-14-20-7-25-0-22-19*10-29*9-1-3-11-17-22-0-13-6-5-21*15-10*5-6-16-7-20-24-1-3*29-2-7-4-24-14-11-17-19-12-8*4-24*21-10-2*21-6-16-28-25*,16.31640168342296,252.0,354,0.0
91,8-12-0-18-13-6-15-10-27-7-14-23-3-1-9*2-29-27-16-28-17-22-18-0-26*7-28*23-14-20-7-25-0-22-19*10-2*9-1-3-11-17-22-0-13-6-5-21-10*15-10*5-6-16-7-20-24-1-3-9*29-2-7-4-24-14-11-17-19-12-8*4-24*10-29*21-6-16-28-25*,16.33563245265373,251.0,329,0.0
92,8-12-0-18-13-6-15-10-27-7-14-23-3-1-9*2-29-27-16-28-17-22-18-0-26*7-28*23-14-20-7-25-0-22-19*10-2*9-1-3-11-17-22-0-13-6-5-21-10*15-10*5-6-16-7-20-24-1-3-9*2-7-4-24-14-11-17-19-12-8*4-24*10-29*21-6-16-28-25*,16.378156418050036,249.0,333,0.0
93,8-12-0-18-13-6-15-10-27-7-14-23-3-1-9*2-29-27-16-28-17-22-18-0-26*7-28*14-20-7-25-0-22-19*10-2*9-1-3-11-17-22-0-13-6-5-21-10*15-10*5-6-16-7-20-24-1-3-9*29-2-7-4-24-14-11-17-19-12-8*4-24*10-29*21-6-16-28-25*,16.389379237783494,248.0,342,0.0
94,8-12-0-18-13-6-15-10-27-7-14-23-3-1*2-29-27-16-28-17-22-18-0-26*7-28*23-14-20-7-25-0-22-19*10-2*9-1-3-11-17-22-0-13-6-5-21-10*15-10*5-6-16-7-20-24-1-3-9*2-7-4-24-14-11-17-19-12-8*4-24*10-29*21-6-16-28-25*,16.429155950432545,247.0,385,0.0
95,8-12-0-18-13-6-15-10-27-7-14-23-3-1-9*2-29-27-16-28-17-22-18-0-26*7-28*14-20-7-25-0-22-19*10-2*9-1-3-11-17-22-0-13-6-5-21-10*15-10*5-6-16-7-20-24-1-3-9*2-7-4-24-14-11-17-19-12-8*4-24*10-29*21-6-16-28-25*,16.4319032031798,246.0,369,0.0
96,12-0-18-13-6-15-10-27-7-14-23-3-1-9*2-29-27-16-28-17-22-18-0-26*7-28*23-14-20-7-25-0-22-19*10-2*9-1-3-11-17-22-0-13-6-5-21-10*15-10*5-6-16-7-20-24-1-3-9*2-7-4-24-14-11-17-19-12-8*4-24*10-29*21-6-16-28-25*,16.473579611877483,245.0,381,0.0
97,8-12-0-18-13-6-15-10-27-7-14-23-3-1*2-29-27-16-28-17-22-18-0-26*7-28*14-20-7-25-0-22-19*10-2*9-1-3-11-17-22-0-13-6-5-21-10*15-10*5-6-16-7-20-24-1-3-9*2-7-4-24-14-11-17-19-12-8*4-24*10-29*21-6-16-28-25*,16.48290273556231,244.0,374,0.0
98,8-12-0-18-13-6-15-10-27-7-14-23-3-1-9*2-29-27-16-28-17-22-18-0-26*7-28*14-20-7-25-0-22-19*10-2*9-1-3-11-17-22-0-13-6-5-21-10*15-10*6-16-7-20-24-1-3-9*29-2-7-4-24-14-11-17-19-12-8*4-24*10-29*21-6-16-28-25*,16.506488192658406,243.0,350,0.0
99,8-12-0-18-13-6-15-10-27-7-14-23-3-1-9*2-29-27-16-28-17-22-18-0-26*7-28*23-14-20-7-25-0-22-19*10-2*9-1-3-11-17-22-0-13-6-5-21-10*15-10*5-6-16-7-20-24-1-3-9*7-4-24-14-11-17-19-12-8*4-24*10-29*21-6-16-28-25*,16.558861351414542,241.0,389,0.0
112,15-10-7*3-1-9-23-14-7-27-29-2*1-3-24-20-7-16-6-5*15-2*29-2-10-6-13-18-12-8*15-10*17-22*18-0-22-17-28-7-4*23-14-11-17-19-12-8-26-0-25-7-20*14-24-4*21-5-6-13-18-0-22-17-11-3-1-9*21-10-27-16-28-25-22-19-12*,16.584288052373157,240.0,384,0.0
62,9-3-11-17-22-0-18-13-6-5-21*9-23-14-11-17-19-12-8*9-1-14-7-27-10-21-5*24-20*7-2-29-27-16-28-17-22-18-0-26*25-28-7*1-24-4-7-25-0-18-22-19*0-13*8-12-0-18-13-6-15-10-2-29*14-24-4*5-6-16-7-20-23-3*1-3*,16.614887771802664,239.0,389,0.0
63,9-3-11-17-22-0-18-13-6-5-21*23-14-11-17-19-12-8*9-1-14-7-27-10-21*24-20*7-2-29-27-16-28-17-22-18-0-26*11-25-28-7*1-24-4-7-25-0-18-22-19*0-13*8-12-0-18-13-6-15-10-2-29*14-24-4*5-6-16-7-20-23-3*1-3*,16.639729950900165,238.0,388,0.0
102,12-0-18-13-6-15-10-27-7-14-23-3-1-9*2-29-27-16-28-17-22-18-0-26*7-28*14-20-7-25-0-22-19*10-2*9-1-3-11-17-22-0-13-6-5-21-10*15-10*6-16-7-20-24-1-3-9*2-7-4-24-14-11-17-19-12-8*4-24*10-29*21-6-16-28-25*,16.644435351882162,237.0,395,0.0
103,8-12-0-18-13-6-15-10-27-7-14-23-3-1*2-29-27-16-28-17-22-18-0-26*7-28*14-20-7-25-0-22-19*10-2*9-1-3-11-17-22-0-13-6-5-21-10*15-10*5-6-16-7-20-24-1-3-9*7-4-24-14-11-17-19-12-8*4-24*10-29*21-6-16-28-25*,16.673252279635257,236.0,381,0.0
97,7-2*4-24-20-7-25-0-18-12-8*21-15*7-28-0-18-22*5-21*0-19*4-24-1-3-23-14-20-7-27-10-15-21*7-4*12-19-17-28-16-27-29-2-15-6-13-18-0-26*3-9-23-14-7-16-6-5*24-14-11-17-19-12*21-6-13-0-22-17-11-3-1-9*,16.686404021510405,234.0,398,0.0
65,9-3-11-17-22-0-18-13-6-5-21*23-14-11-17-19-12-8*9-1-14-7-27-10-21*24-20*7-2-29-27-16-28-17-22-18-0-26*25-28-7*1-24-4-7-25-0-18-22-19*0-13*8-12-0-18-13-6-15-10-2-29*14-24-4*5-6-16-7-20-23-3*1-3*,16.701718494271685,233.0,399,0.0
98,7-2*4-24-20-7-25-0-18-12-8*21-15*7-28-0-18-22*5-21*0-19*4-24-1-3-23-14-20-7-27-10-15-21*7-4*12-19-17-28-16-27-29-2-15-6-13-18-0-26*9-23-14-7-16-6-5*24-14-11-17-19-12*21-6-13-0-22-17-11-3-1-9*,16.710018704699557,232.0,386,0.0
99,7-2*4-24-20-7-25-0-18-12-8*21-15*7-28-0-18-22*5-21*0-19*4-24-1-3-23-14-20-7-27-10-15-21*7-4*12-19-17-28-16-27-29-2-15-6-13-18-0-26*3-9-23-14-7-16-6-5*14-11-17-19-12*21-6-13-0-22-17-11-3-1-9*,16.7810673369184,231.0,365,0.0
100,7-2*4-24-20-7-25-0-18-12-8*21-15*7-28-0-18-22*5-21*0-19*4-24-1-3-23-14-20-7-27-10-15-21*7-4*12-19-17-28-16-27-29-2-15-6-13-18-0-26*9-23-14-7-16-6-5*24-14-11-17-19*21-6-13-0-22-17-11-3-1-9*,16.793546878653263,230.0,400,0.0
96,20-14-11*11-25*9-23-14-7-16-6-21*9-23*19-22*21-5-6-13-18-0-22-17-11-3-1-9*6-16*5-21-15-10-27-7-20-23-3-1-24*8-12-19-17-28-7-27-29-2-10-15-6*26-0-18-22-25-28-16-27-2-29*7-4*8-12-18-0-25-7-20-24-4*,16.80421440261866,229.0,355,0.0
68,9-3-11-17-19-12-8*21-5-6-13-18-0-22-17-11-14-23-9-1*9-1-14-7-27-10-21*23-3*7-2-29-27-16-28-17-22-18-0*25-28*24-14*26-0*8-12-0-18-13-6-15-10-2-29*20-24*5-6-16-7-20-23-3*1-3-24-4-7-25-0-18-22-19*,16.82739069441197,228.0,380,0.0
97,20-14-11*11-25*9-23-14-7-16-6-21*9-23*19-22*21-5-6-13-18-0-22-17-11-3-1-9*6-16*5-21-15-10-27-7-20-23-3-1-24*8-12-19-17-28-7-27-29-2-10-15-6*26-0-18-22-25-28-16-27-2*7-4*8-12-18-0-25-7-20-24-4*,16.84542319382745,227.0,364,0.0
104,0-12*8-19-18-0-13-6-15-10-2-29-27-7-4-24-3*3-1*0-12*18-0*21-15-10-27-7-20-14-9*26-0*4-24-14-11-17-19-12-8*9-1-3-11-17-22-0-13-6-21*3-1-23-14-7-16-6-5-21*4-24*2-29-27-16-28-17-22-18-0-25-7-20*,16.860766892681788,226.0,376,0.0
122,8-19-22-18-0-25-7-20-4-24-14*7-28-25*3-9*15-10-6-13-18-0-22-17-11-3-1-9*2-7*8-12-19-17-11-14-23*20-14*21-5-6-16-7-20-24-3-1-9*21-15-16*10-2-29-27-16-28-17-19-12-0-26*3-23*3-1-9-23-14-7-27-10-21*,16.872983399579145,225.0,360,0.0
123,8-19-22-18-0-25-7-20-4-24-14*7-28-25*3-9*15-10-6-13-18-0-22-17-11-3-1-9*2-7*8-12-19-17-11-14-23*20-14*21-5-6-16-7-20-24-3-1*15-16*10-2-29-27-16-28-17-19-12-0-26*3-23*4-3-1-9-23-14-7-27-10-21*,16.897007248071077,224.0,204,0.0
124,8-19-22-18-0-25-7-20-4-24-14*7-28-25*3-9*15-10-6-13-18-0-22-17-11-3-1-9*2-7*8-12-19-17-11-14-23*20-14*21-5-6-16-7-20-24-3-1*21-15-16*10-2-29-27-16-28-17-19-12-0-26*3-23*3-1-9-23-14-7-27-10-21*,16.89706570025719,223.0,241,0.0
125,8-19-22-18-0-25-7-20-4-24-14*7-28-25*3-9*15-10-6-13-18-0-22-17-11-3-1-9*2-7*8-12-19-17-11-14-23-1*20-14*21-5-6-16-7-20-24-3-1*15-16*10-2-29-27-16-28-17-19-12-0-26*3-23*3-1-9-23-14-7-27-10-21*,16.929886602758945,221.0,243,0.0
126,8-19-22-18-0-25-7-20-4-24-14*7-28-25*3-9*15-10-6-13-18-0-22-17-11-3-1-9*2-7*12-19-17-11-14-23*20-14*21-5-6-16-7-20-24-3-1*15-16*10-2-29-27-16-28-17-19-12-0-26*3-23*3-1-9-23-14-7-27-10-21-6*,16.97451484685527,219.0,285,0.0
127,8-19-22-18-0-25-7-20-4-24-14*28-25*3-9*15-10-6-13-18-0-22-17-11-3-1-9*2-7*8-12-19-17-11-14-23*20-14*21-5-6-16-7-20-24-3-1*21-15-16*10-2-29-27-16-28-17-19-12-0-26*3-23*3-1-9-23-14-7-27-10-21*,16.97822656067337,218.0,316,0.0
128,8-19-22-18-0-25-7-20-4-24-14*7-28-25*3-9*15-10-6-13-18-0-22-17-11-3-1-9*2-7*8-12-19-17-11-14-23*20-14*21-5-6-16-7-20-24-3-1*21-15*10-2-29-27-16-28-17-19-12-0-26*3-23*3-1-9-23-14-7-27-10-21*,17.003653261631985,217.0,316,0.0
129,8-19-22-18-0-25-7-20-4-24-14*28-25*3-9*15-10-6-13-18-0-22-17-11-3-1-9*2-7*8-12-19-17-11-14-23-1*20-14*21-5-6-16-7-20-24-3-1*15-16*10-2-29-27-16-28-17-19-12-0-26*3-23*3-1-9-23-14-7-27-10-21*,17.011047463175125,216.0,318,0.0
130,8-19-22-18-0-25-7-20-4-24-14*7-28-25*3-9*15-10-6-13-18-0-22-17-11-3-1-9*2-7*12-19-17-11-14-23*20-14*21-5-6-16-7-20-24-3-1*15-16*10-2-29-27-16-28-17-19-12-0-26*3-23*3-1-9-23-14-7-27-10-21*,17.038403086275427,214.0,274,0.0
112,20-24*24-3-1-23-20-7-16-6-5*6-15-10-2-29-27-7-25-22-19-12*28-25*8-12-17-28-16-27-15*17-19*18-0-28-7-4-24-14*4-24*14-23-9-1-3-11-17-22-18-0-13-6-21*22-0-26*3-1*21-10-27-7-20-14-11-17-22-12*,17.061257891045123,213.0,395,0.0
131,8-19-22-18-0-25-7-20-4-24-14*28-7*3-9*15-10-6-13-18-0-22-17-11-3-1-9*25-28*8-12-19-17-28-16-27-10-21-5*20-14*5-6-16-7-20-24-3-1-9*16-15*26-0-12-19-17-11-14-23*3-23*3-1-9-23-14-7-27-29-2-10*,17.064122048164602,212.0,361,0.0
132,8-19-22-18-0-25-7-20-4-24-14*28-7*3-9*15-10-6-13-18-0-22-17-11-3-1-9*25-28*8-12-19-17-28-16-27-10-21-5*20-14*5-6-16-7-20-24-3-1*16-15*26-0-12-19-17-11-14-23*3-23*3-1-9-23-14-7-27-29-2-10*,17.094809445873274,210.0,345,0.0
133,8-19-22-18-0-25-7-20-4-24-14*28-25*3-9*15-10-6-13-18-0-22-17-11-3-1-9*2-7*12-19-17-11-14-23*20-14*21-5-6-16-7-20-24-3-1*15-16*10-2-29-27-16-28-17-19-12-0-26*3-23*3-1-9-23-14-7-27-10-21*,17.119563946691606,209.0,323,0.0
134,8-19-22-18-0-25-7-20-4-24-14*28-7*3-9*15-10-6-13-18-0-22-17-11-3-1-9*25-28*12-19-17-28-16-27-10-21-5*20-14*5-6-16-7-20-24-3-1*16-15*26-0-12-19-17-11-14-23*3-23*3-1-9-23-14-7-27-29-2-10-15*,17.144201543137715,208.0,314,0.0
135,8-19-22-18-0-25-7-20-4-24*28-7*3-9*15-10-6-13-18-0-22-17-11-3-1-9*25-28*8-12-19-17-28-16-27-10-21-5*20-14*5-6-16-7-20-24-3-1*16-15*26-0-12-19-17-11-14-24*3-23*3-1-9-23-14-7-27-29-2-10*,17.15089431844751,207.0,345,0.0
136,8-19-22-18-0-25-7-20-4-24-14*28-7*3-9*15-10-6-13-18-0-22-17-11-3-1-9*25-28*12-19-17-28-16-27-10-21-5*20-14*5-6-16-7-20-24-3-1*16-15*26-0-12-19-17-11-14-23*3-23*3-1-9-23-14-7-27-29-2-10*,17.194704231938275,206.0,313,0.0
137,8-19-22-18-0-25-7-20-4-24-14*28-7*3-9*15-10-6-13-18-0-22-17-11-3-1-9*25-28*12-19-17-28-16-27-10-21-5*20-14*5-6-16-7-20-24-3-1*16-15*26-0-12-19-17-11-14-23*3-23*1-9-23-14-7-27-29-2-10*,17.2107201309329,205.0,337,0.0
138,8-19-22-18-0-25-7-20-4-24*28-7*3-9*15-10-6-13-18-0-22-17-11-3-1-9*25-28*8-12-19-17-28-16-27-10-21-5*20-14*5-6-16-7-20-24-3-1*16-15*26-0-12-19-17-11-14*3-23*3-1-9-23-14-7-27-29-2-10*,17.2892798690671,204.0,233,0.0
139,8-19-22-18-0-25-7-20-4-24*28-7*3-9*15-10-6-13-18-0-22-17-11-3-1-9*25-28*12-19-17-28-16-27-10-21-5*20-14*5-6-16-7-20-24-3-1*16-15*26-0-12-19-17-11-14-23*3-23*3-1-9-23-14-7-27-29-2-10*,17.290741173719898,203.0,257,0.0
140,19-22-18-0-25-7-20-4-24*28-7*3-9*15-10-6-13-18-0-22-17-11-3-1-9*25-28*8-12-19-17-28-16-27-10-21-5*20-14*5-6-16-7-20-24-3-1*16-15*26-0-12-19-17-11-14-23*3-23*3-1-9-23-14-7-27-29-2-10*,17.300561140986673,202.0,287,0.0
141,19-22-18-0-25-7-20-4-24*28-7*3-9*15-10-6-13-18-0-22-17-11-3-1-9*25-28*8-12-19-17-28-16-27-10-21-5*20-14*5-6-16-7-20-24-3-1*16-15*26-0-12-19-17-11-14-23*3-23*1-9-23-14-7-27-29-2-10*,17.316577039981297,201.0,387,0.0
142,8-19-22-18-0-25-7-20-4-24*28-7*3-9*15-10-6-13-18-0-22-17-11-3-1-9*25-28*12-19-17-28-16-27-10-21-5*20-14*5-6-16-7-20-24-3-1*16-15*26-0-12-19-17-11-14*3-23*3-1-9-23-14-7-27-29-2-10*,17.389174655132102,200.0,237,0.0
143,19-22-18-0-25-7-20-4-24*28-7*3-9*15-10-6-13-18-0-22-17-11-3-1-9*25-28*8-12-19-17-28-16-27-10-21-5*20-14*5-6-16-7-20-24-3-1*16-15*26-0-12-19-17-11-14*3-23*3-1-9-23-14-7-27-29-2-10*,17.398994622398877,199.0,344,0.0
120,3-1*1-3-24-20-7-16-6-5-21*1-3-9-23-14-7-27-10-15*3-1*2-29-27-16-28-17-19-12-0-26*3-1-9-23-14-11-17-22-18-0-13-6-21-15-2*28-25-11*3-1*8-12-19-22-18-0-25-7-4-24-14*2-29*28-7-2*28-25*,17.423135375263033,198.0,385,0.0
121,3-1*1-3-24-20-7-16-6-5-21*3-9-23-14-7-27-10-15*3-1*2-29-27-16-28-17-19-12-0-26*3-1-9-23-14-11-17-22-18-0-13-6-21-15-2*28-25-11*3-1*8-12-19-22-18-0-25-7-4-24-14*2-29*28-7-2*28-25*,17.439998830956277,197.0,389,0.0
122,3-1*1-3-24-20-7-16-6-5-21*1-3-9-23-14-7-27-10-15*3-1*2-29-27-16-28-17-19-12-0-26*3-1-9-23-14-11-17-22-18-0-13-6-21-15-2*28-25*3-1*8-12-19-22-18-0-25-7-4-24-14*2-29*28-7-2*28-25*,17.453442833761983,193.0,373,0.0
123,3-1*1-3-24-20-7-16-6-5*1-3-9-23-14-7-27-10-15*3-1*2-29-27-16-28-17-19-12-0-26*3-1-9-23-14-11-17-22-18-0-13-6-21-15-2*28-25*3-1*8-12-19-22-18-0-25-7-4-24-14*2-29*28-7-2*28-25*,17.559328968903436,190.0,394,0.0
124,3-1*1-3-24-20-7-16-6-5-21*1-3-9-23-14-7-27-10-15*3-1*2-29-27-16-28-17-19-12-0-26*3-1-9-23-14-11-17-22-18-0-13-6-21-15-2*28-25*3-1*8-12-19-22-18-0-25-7-4-24-14*2-29*28-7*28-25*,17.608078092120646,185.0,383,0.0
125,2-29*3-1-9-23-14-11-17-22-18-0-13-6-21-15-2*28-25*22-18*3-1*7-2-29-27-16-28-17-19-12-0-26*3-1*1-3-24-20-7-16-6-5*17-22*9-23-14-7-27-10-15*3-1*8-12-19-22-18-0-25-7-4-24-14*,17.662117138180967,184.0,393,0.0
126,3-1*1-3-24-20-7-16-6-5*1-3-9-23-14-7-27-10-15*3-1*2-29-27-16-28-17-19-12-0-26*3-1-9-23-14-11-17-22-18-0-13-6-21-15-2*28-25*3-1*8-12-19-22-18-0-25-7-4-24-14*2-29*28-7*28-25*,17.7139642272621,182.0,400,0.0
127,2-29*3-1-9-23-14-11-17-22-18-0-13-6-21-15-2*28-25*22-18*3-1*7-2-29-27-16-28-17-19-12-0-26*3-1*1-3-24-20-7-16-6-5*17-22*9-23-14-7-27-10-15*3-1*8-12-19-22-18-0-25-7-4-24*,17.781973345803134,181.0,379,0.0
128,2-29*3-1-9-23-14-11-17-22-18-0-13-6-21-15-2*28-25*22-18*3-1*2-29-27-16-28-17-19-12-0-26*3-1*1-3-24-20-7-16-6-5*17-22*1-9-23-14-7-27-10-15*3-1*8-12-19-22-18-0-25-7-4-24-14*,17.826133972410567,178.0,385,0.0
129,2-29*3-1-9-23-14-11-17-22-18-0-13-6-21-15-2*28-25*22-18*3-1*2-29-27-16-28-17-19-12-0-26*3-1*1-3-24-20-7-16-6-5-21*17-22*9-23-14-7-27-10-15*3-1*8-12-19-22-18-0-25-7-4-24*,17.868804068272155,176.0,320,0.0
130,3-1*28-25*28-25*3-1*8-12-19-22-18-0-25-7-4-24*3-1*2-29-27-16-28-17-19-12-0-26*1-3-24-20-7-16-6-5*3-1*1-3-9-23-14-7-27-10-15*22-18*3-1-9-23-14-11-17-22-18-0-13-6-21-15-2*,17.92877601122282,175.0,396,0.0
131,15-2*3-1-9-23-14-11-17-22-18-0-13-6-21-15*28-25*22-18*3-1*2-29-27-16-28-17-19-12-0-26*3-1*1-3-24-20-7-16-6-5-21*17-22*9-23-14-7-27-10-15*3-1*8-12-19-22-18-0-25-7-4-24*,17.952273790039747,174.0,246,0.0
132,2-29*3-1-9-23-14-11-17-22-18-0-13-6-21-15-2*28-25*22-18*3-1*2-29-27-16-28-17-19-12-0-26*3-1*1-3-24-20-7-16-6-5*17-22*9-23-14-7-27-10-15*3-1*8-12-19-22-18-0-25-7-4-24*,17.97469020341361,173.0,290,0.0
133,15-2*3-1-9-23-14-11-17-22-18-0-13-6-21-15*28-25*22-18*3-1*2-29-27-16-28-17-19-12-0-26*3-1*1-3-24-20-7-16-6-5-21*17-22*23-14-7-27-10-15*3-1*8-12-19-22-18-0-25-7-4-24*,18.081190086509235,171.0,345,0.0
134,2-29*3-1-9-23-14-11-17-22-18-0-13-6-21-15-2*28-25*22-18*3-1*2-29-27-16-28-17-19-12-0-26*3-1*1-3-24-20-7-16-6-5*17-22*23-14-7-27-10-15*3-1*8-12-19-22-18-0-25-7-4-24*,18.103606499883096,170.0,293,0.0
151,2-29*2-29-27-16-28-17-19-12*9-3-1-23-20-7-16-6*9-1-3-11-17-22-18-0-13-6-5-21*6-15-10-27-7-20-14-11*21-10*24-20*25-28*10-2*3-24-4-7-25-0-18-12-8*24-4*0-26*,18.16769932195464,169.0,361,0.0
135,15-2*3-1-9-23-14-11-17-22-18-0-13-6-21-15*28-25*22-18*3-1*2-29-27-16-28-17-19-12-0-26*3-1*1-3-24-20-7-16-6-5*17-22*23-14-7-27-10-15*3-1*8-12-19-22-18-0-25-7-4-24*,18.17678863689502,168.0,349,0.0
136,2-29*3-1-9-23-14-11-17-22-18-0-13-6-21-15*28-25*22-18*3-1*2-29-27-16-28-17-19-12-0-26*3-1*9-1-3-24-20-7-16-6-5*17-22*23-14-7-27-10-15*3-1*8-12-19-22-18-0-25-7-4-24*,18.259235445405658,167.0,370,0.0
176,21-15-10-27-7-20-14-23-3*5-21-6-13-0-18-22-17-11-14-23-9-3*5-6-16-7-14-1-9*4-24-20-7-25-0-26*1-3*2-29-27-16-28-25-22-19-12-8*14-24-4*19-17*22-17*0-18*15-10*1-3*,18.2937222352116,166.0,254,0.0
174,4-24-20-7-25-0-18-12-8*15-10*3-1*9-1-3-11-17-22-18-0-13-6-21*9-1-3-23-14-7-27-2-29-10-15-6*1-3-24*0-26*9-3*12-19-17-28-16-27-10-21*3-1*7-16-6-5*11-14*,18.31257306523264,165.0,374,0.0
177,21-15-10-27-7-20-14-23-3*5-21-6-13-0-18-22-17-11-14-23-9-3*5-6-16-7-14-1-9*4-24-20-7-25-0-26*1-3*2-29-27-16-28-25-22-19-12-8*14-24*19-17*22-17*0-18*15-10*1-3*,18.3489010989011,164.0,271,0.0
178,21-15-10-27-7-20-14-23-3*21-6-13-0-18-22-17-11-14-23-9-3*5-6-16-7-14-1-9*4-24-20-7-25-0-26*1-3*2-29-27-16-28-25-22-19-12-8*14-24-4*19-17*22-17*0-18*15-10*1-3*,18.397591769932195,163.0,286,0.0
179,21-15-10-27-7-20-14-23-3*5-21-6-13-0-18-22-17-11-14-23-9*5-6-16-7-14-1-9*4-24-20-7-25-0-26*1-3*2-29-27-16-28-25-22-19-12-8*14-24*19-17*22-17*0-18*15-10*1-3*,18.412204816460136,162.0,346,0.0
180,1-3*0-18*24-3*4-24-20-7-25-0-26*5-21-15-10-27-7-20-14-1-9*1-3*1-3-23-14-7-16-6-5*21-6-13-0-18-22-17-11-14-23-9*0-18*0-18*8-12-19-22-25-28-16-27-29-2*1-3*,18.450578676642508,161.0,380,0.0
177,4-24-20-7-25-0-18-12-8*15-10*3-1*9-1-3-11-17-22-18-0-13-6-5*9-1-3-23-14-7-27-2-29-10-15-6*1-3-24*0-26*9-3*12-19-17-28-16-27-10*3-1*7-16-6-21*11-14*,18.511164367547345,160.0,355,0.0
181,21-15-10-27-7-20-14-23-3*21-6-13-0-18-22-17-11-14-23-9*5-6-16-7-14-1-9*4-24-20-7-25-0-26*1-3*2-29-27-16-28-25-22-19-12-8*14-24*19-17*22-17*0-18*15-10*1-3*,18.51607435118073,159.0,306,0.0
182,1-3*0-18*24-3*4-24-20-7-25-0-26*21-15-10-27-7-20-14-1-9*1-3*1-3-23-14-7-16-6-5*21-6-13-0-18-22-17-11-14-23-9*0-18*0-18*8-12-19-22-25-28-16-27-29-2*1-3*,18.51858779518354,158.0,339,0.0
183,1-3*0-18*24-3*4-24-20-7-25-0-26*21-15-10-27-7-20-14-1-9*1-3*3-23-14-7-16-6-5*21-6-13-0-18-22-17-11-14-23-9*0-18*0-18*8-12-19-22-25-28-16-27-29-2*1-3*,18.554652794014498,157.0,398,0.0
184,1-3*0-18*24-3*4-24-20-7-25-0-26*21-15-10-27-7-20-14-1*1-3*1-3-23-14-7-16-6-5*21-6-13-0-18-22-17-11-14-23-9*0-18*0-18*8-12-19-22-25-28-16-27-29-2*1-3*,18.64379237783493,156.0,349,0.0
144,16-28*9-1-3-11-17-22-0-18-13-6-10-15*23-3*9-23-14-7-16-6-21-5*9-23*8-12-18-0-25-7-20-24-1-3*4-24*12-19-17-28-7-27-29-2-10*4-24*7-4*26-0*18-0*,18.675561140986677,154.0,343,0.0
145,28-25*9-1-3-11-17-22-0-18-13-6-10-15*23-3*9-23-14-7-16-6-21-5*9-23*8-12-18-0-25-7-4*4-24*12-19-17-28-7-27-29-2-10-15*4-24*3-1-24-20-7*26-0*18-0*,18.73345803133037,153.0,370,0.0
187,1-3-23-14-7-27-10-15-21*12-19*14-20*4-24-20-7-25-22-19-12-8*19-17*2-29-27-16-28-25-0-26*24-14*21-6-13-0-18-22-17-11-14-23-9-3-1*7-16-6-5*1-3*4-24*0-18*,18.770896656534955,152.0,316,0.0
147,16-28*9-1-3-11-17-22-0-18-13-6-10-15*23-3*23-14-7-16-6-21-5*9-23*8-12-18-0-25-7-20-24-1-3*4-24*12-19-17-28-7-27-29-2-10*4-24*7-4*26-0*18-0*,18.83548632218845,151.0,367,0.0
189,1-3-23-14-7-27-10-15-21*12-19*14-20*4-24-20-7-25-22-19-12-8*19-17*2-29-27-16-28-25-0-26*24-14*21-6-13-0-18-22-17-11-14-23-9*7-16-6-5*1-3*4-24*0-18*,18.92763619359364,149.0,358,0.0
190,1-3*14-24*0-18*1-3*1-3*5-21-15-10-27-7-20-14-23-3-9*10-2-29-27-16-28-25-22-19-12-8*19-17*1-3*4-24-20-7-25-0-26*5-21-6-13-0-18-22-17-11-14-23-9-1*1-3*,19.037438625204583,145.0,394,0.0
191,1-3*14-24*0-18*1-3*1-3*5-21-15-10-27-7-20-14-23-3*10-2-29-27-16-28-25-22-19-12-8*19-17*1-3*4-24-20-7-25-0-26*5-21-6-13-0-18-22-17-11-14-23-9-1*1-3*,19.128361000701425,143.0,350,0.0
192,1-3*14-24*0-18*1-3*1-3*5-21-15-10-27-7-20-14-23-3-9*10-2-29-27-16-28-25-22-19-12-8*19-17*1-3*4-24-20-7-25-0-26*21-6-13-0-18-22-17-11-14-23-9-1*1-3*,19.21191840074819,142.0,395,0.0
193,1-3*14-24*0-18*1-3*1-3*5-21-15-10-27-7-20-14-23-3*2-29-27-16-28-25-22-19-12-8*12-19-17*1-3*4-24-20-7-25-0-26*5-21-6-13-0-18-22-17-11-14-23-9-1*1-3*,19.273205517886367,141.0,345,0.0
194,1-3*14-24*0-18*1-3*1-3*21-15-10-27-7-20-14-23-3*10-2-29-27-16-28-25-22-19-12-8*19-17*1-3*4-24-20-7-25-0-26*5-21-6-13-0-18-22-17-11-14-23-9-1*1-3*,19.30213935001169,140.0,388,0.0
195,1-3*14-24*0-18*1-3*1-3*5-21-15-10-27-7-20-14-23-3*2-29-27-16-28-25-22-19-12-8*19-17*1-3*4-24-20-7-25-0-26*5-21-6-13-0-18-22-17-11-14-23-9-1*1-3*,19.310965630114566,139.0,327,0.0
196,1-3*14-24*0-18*1-3*1-3*5-21-15-10-27-7-20-14-23-3*2-29-27-16-28-25-22-19-12-8*12-19*1-3*4-24-20-7-25-0-26*5-21-6-13-0-18-22-17-11-14-23-9-1*1-3*,19.372983399579145,138.0,394,0.0
197,1-3*14-24*0-18*1-3*1-3*21-15-10-27-7-20-14-23-3*2-29-27-16-28-25-22-19-12-8*19-17*1-3*4-24-20-7-25-0-26*5-21-6-13-0-18-22-17-11-14-23-9-1-3*1-3*,19.43634556932429,137.0,338,0.0
198,1-3*14-24*0-18*1-3*1-3*21-15-10-27-7-20-14-23-3*2-29-27-16-28-25-22-19-12-8*19-17*1-3*4-24-20-7-25-0-26*5-21-6-13-0-18-22-17-11-14-23-9-1*1-3*,19.48474397942483,136.0,336,0.0
199,1-3*14-24*0-18*1-3-14*1-3*21-15-10-27-7-20-14*2-29-27-16-28-25-22-19-12-8*19-17*1-3*4-24-20-7-25-0-26*5-21-6-13-0-18-22-17-11-14-23-9-1*1-3*,19.712882861819036,135.0,368,0.0
200,1-3*14-24*0-18*1-3*1-3*21-15-10-27-7-20-14-23*2-29-27-16-28-25-22-19-12-8*19-17*1-3*4-24-20-7-25-0-26*5-21-6-13-0-18-22-17-11-14-23-9-1-3*1-3*,19.71501636661211,134.0,390,0.0
167,0-26*15-10-2-29-27-7-25-22-19-12-8*3-23*9-3-1-23-14-7-16-6-5-21*7-4-24-14-11-17-22-18-0-13-6-15*1-3*7-20*25-28*1-3*17-19*20-14*20-7*,19.85357727379004,133.0,385,0.0
201,1-3*14-24*0-18*1-3*1-3*21-15-10-27-7-20-14*2-29-27-16-28-25-22-19-12-8*19-17*1-3*4-24-20-7-25-0-26*5-21-6-13-0-18-22-17-11-14-23-9-1-3*1-3*,19.85799041384148,131.0,385,0.0
184,21-5-6-16-7-20-14-23-1-3-9*3-1*8-12-19-22-25-28-7-27-2-29*3-9*29-2*18-0*1-3*2-10*1-3*26-0*21-6*7-4-24-14-11-17-22-18-0-13-6-10-15*,19.911591068505963,130.0,356,0.0
185,5-6-16-7-20-14-23-1-3-9*3-1*8-12-19-22-25-28-7-27-2-29*3-9*29-2*18-0*1-3*2-10*1-3*26-0*21-6*7-4-24-14-11-17-22-18-0-13-6-10-15*,20.015577507598785,127.0,334,0.0
186,5-6-16-7-20-14-23-1-3-9*3-1*8-12-19-22-25-28-7-27-2-29*3-9*29-2*18-0*1-3*2-10*1-3*26-0-12*21-6*4-24-14-11-17-22-18-0-13-6-10-15*,20.215717792845453,126.0,301,0.0
187,5-6-16-7-20-14-23-1-3-9*3-1*8-12-19-22-25-28-7-27-2*3-9*29-2*18-0*1-3*2-10*1-3*26-0*21-6*7-4-24-14-11-17-22-18-0-13-6-10-15*,20.24751578209025,125.0,391,0.0
188,5-6-16-7-20-14-23-1-3-9*3-1*8-12-19-22-25-28-7-27-2-29*3-9*29-2*0-22*1-3*2-10*1-3*26-0*21-6*4-24-14-11-17-22-18-0-13-6-10-15*,20.336216974514848,123.0,381,0.0
189,5-6-16-7-20-14-23-1-3-9*3-1*8-12-19-22-25-28-7-27-2-29*3-9*29-2*18-0*1-3*2-10*1-3*26-0*21-6*4-24-14-11-17-22-18-0-13-6-10-15*,20.363338788870703,122.0,295,0.0
190,5-6-16-7-20-14-23-1-3-9*3-1*8-12-19-22-25-28-7-27-2*3-9*29-2*18-0*1-3*2-10*1-3*26-0*21-6*4-24-14-11-17-22-18-0-13-6-10-15*,20.59527706336217,120.0,337,0.0
211,1-3*26-0*1-3*14-20-7-27-10-15-21-5*1-3*14-24-4*5-21-6-13-0-18-22-17-11-14-23-9-3-1*1-3*1-3*2-29-27-16-28-25-22-19-12-8*14-20*4-24*,20.82779985971475,119.0,389,0.0
192,6-16-7-20-14-23-1-3-9*3-1*8-12-19-22-25-28-7-27-2*3-9*29-2*18-0*1-3*2-10*1-3*26-0*5-21-6*4-24-14-11-17-22-18-0-13-6-10-15*,20.957826747720365,118.0,397,0.0
193,3-1*2-10*5-21*29-2*1-3*18-0*5-6-16-7-20-14-23-1-3-9*4-24-14-11-17-22-18-0-13-6-10-15*26-0*8-12-19-22-25-28-7-27-2*18-0*1-3*,20.99143675473463,117.0,316,0.0
212,1-3*26-0*1-3*14-20-7-27-10-15-21*1-3*14-24-4*5-21-6-13-0-18-22-17-11-14-23-9-3-1*1-3*1-3*2-29-27-16-28-25-22-19-12-8*14-20*4-24*,20.997837269113862,116.0,387,0.0
213,1-3*26-0*1-3*14-20-7-27-10-15-21*1-3*14-24-4*5-21-6-13-0-18-22-17-11-14-23-9-3*1-3*1-3*2-29-27-16-28-25-22-19-12-8*14-20*4-24*,21.316109422492403,115.0,394,0.0
214,1-3*2-29-27-16-28-25-22-19-12-8*1-3*1-3*21-15-10-27-7-20-14*24-4*1-3*26-0*1-3*14-24*5-21-6-13-0-18-22-17-11-14-23-9-3-1*1-3*,21.31742459667992,112.0,396,0.0
198,16-7-20-14-24-4*3-1*8-12-19-22-25-28-7-27-2*3-9*29-2*18-0*1-3*2-10*1-3*26-0*5-21-6-13-0-18-22-17-11-14-23-1-3*15-10-6*,22.313946691606265,110.0,397,0.0
217,24-4*14-24*14-20-7-27-10-15*1-3*1-3*1-3*1-3*26-0*14-24*5-21-6-13-0-18-22-17-11-14-23-9-3-1*1-3*2-29-27-16-28-25-22-19-12-8*,22.639554594341828,109.0,373,0.0
218,24-4*14-24*14-20-7-27-10-15*1-3*1-3*1-3*1-3*26-0*14-24*5-21-6-13-0-18-22-17-11-14-23-9-3*1-3*2-29-27-16-28-25-22-19-12-8*,22.957826747720365,108.0,367,0.0
200,26-8-12-19-22-25-7-20-14-23-1-3-9*11-17-22-0-13-6-21*2-29*5-21*4-24-20*22-18*21-15-2-27-7*25-28*15-10*2-29*7-16*17-22*,23.241816693944354,107.0,266,0.0
201,26-8-12-19-22-25-7-20-14-23-1-3-9*22-0-13-6-21*2-29*5-21*4-24-20*22-18*21-15-2-27-7*25-28*15-10*2-29*7-16*11-17-22*,23.43222469020341,105.0,278,0.0
168,1-3*1-9*22-17*1-3*3-9-23-20-7-25-22-0-18-13-6-5-21*4-24-20*23-14*12-19-22*8-19*0-26*11-25-28*29-2-27-7-16-15-10*,24.108721066167877,104.0,248,0.0
190,27-2-29*28-25*4-24*13-6-16-7-20-24-14-23-9-1*19-12-18-0-25-7-27-10-15-21-5*3-1*23-3*15-10*12-8*11-25*26-0*17-22-18*,24.1510989010989,103.0,398,0.0
220,20-24*14-20*29-2-10-27-7-25-22-19-12-8-26*7-16*1-3-23-20-7*11-17-22-18-0-13*4-7*6-10*5-21-10*15-10*25-28*9-23*,24.33405424362871,102.0,396,0.0
192,27-2-29*28-25*4-24*13-6-16-7-20-24-14-23-3*19-12-18-0-25-7-27-10-15-21-5*3-1*9-23*15-10*12-8*11-25*26-0*17-22-18*,24.49622983399579,101.0,346,0.0
205,8-12-19-22-25-7-20-14-23-1-3-9*22-18*2-29*5-21*4-24-20*22-0-26*7-27-2-15-21*11-25-28*15-10*2-29*7-16-6-13*17-22*,24.564531213467383,100.0,333,0.0
208,8-12-19-17-22-25-7-27-10-15-21*14-24-4*1-3-23-14-20-7*0-18-22*28-25-11*5-21*16-7*10-29*15-6-13*10-2*23-9*0-26*,25.49067687631517,99.0,352,0.0
194,7-20-24-14-23-3*28-25*4-24*29-2-27*19-12-18-0-25-7-16-27-10-15-21-5*3-1*9-23*6-15*12-8*11-25*26-0-13*17-22-18*,25.87491232172083,98.0,213,0.0
195,7-20-24-14-23-3*28-25*4-24*29-2-27*19-12-18-0-25-7-16-27-10-15-21-5*3-1*9-23*13-6-15*12-8*11-25*26-0*17-22-18*,26.347995090016365,97.0,196,0.0
207,26-0*1-3-9-23-14-24-4*15-10*16-27-2-10*8-12-22*21-15*29-2*19-22*21-6-13*5-21*28-25*16-7-20-14-11-17-22-18-0-25*,33.015694411971005,96.0,333,0.0
